연번,상가유형,호선,역명,상가번호,면적(제곱미터),영업업종,계약시작일자,계약종료일자,월임대료,사업진행단계
1,네트워크,1호선,서울(1)역,150-109,12,패션잡화,2023-01-16,2028-05-16,3225582,
2,개별(일반),1호선,시청(1)역,151-101,29.73,패션잡화,2022-08-02,2027-08-02,3166600,
3,개별(일반),1호선,시청(1)역,151-103,57.6,기타,2020-02-01,2025-01-31,1858300,
4,개별(일반),1호선,시청(1)역,151-104,25,플라워,2020-12-31,2026-01-30,2470600,
5,네트워크,1호선,시청(1)역,151-105,25,식음료,2021-06-03,2026-08-02,4145884,
6,개별(일반),1호선,시청(1)역,151-106,14,패션잡화,2017-09-19,2024-11-17,1805400,
7,개별(일반),1호선,시청(1)역,151-107,22,패션잡화,2020-09-18,2025-10-18,2613800,
8,공실,1호선,종각역,152-101,36.85,,,,,2단계. 시설물 점검
9,개별(일반),1호선,종각역,152-104,18.64,플라워,2023-02-09,2028-03-11,3471600,
10,네트워크,1호선,종각역,152-105,29.3,편의점,2022-06-09,2027-08-08,6559320,
11,공실,1호선,종각역,152-106,30.7,,,,,2단계. 시설물 점검
12,개별(일반),1호선,종각역,152-107,11,플라워,2021-10-06,2026-11-05,2450000,
13,개별(일반),1호선,종각역,152-108,12,식음료,2021-08-23,2026-09-22,5680000,
14,공실,1호선,종각역,152-109,42,,,,,2단계. 시설물 점검
15,개별(일반),1호선,종각역,152-110,23.14,패션잡화,2022-08-08,2027-09-07,2310000,
16,임대진행,1호선,종각역,152-112,21.82,,,,,3단계. 감정평가
17,공실,1호선,종각역,152-113,19.14,,,,,2단계. 시설물 점검
18,개별(일반),1호선,종각역,152-114,29.62,의약업,2023-06-19,2028-07-19,7511100,
19,임대진행,1호선,종각역,152-115,29.4,,,,,3단계. 감정평가
20,공실,1호선,종로3가(1)역,153-101,23.4,,,,,2단계. 시설물 점검
21,개별(일반),1호선,종로3가(1)역,153-102,17.6,식음료,2021-08-13,2026-09-12,3550000,
22,네트워크,1호선,종로3가(1)역,153-104,18.05,플라워,2022-10-21,2028-02-18,2261006,
23,개별(일반),1호선,종로3가(1)역,153-106,26,기타,2024-01-29,2029-02-28,5750000,
24,개별(일반),1호선,종로5가역,154-101,25.13,기타,2021-09-03,2026-10-03,5310000,
25,개별(일반),1호선,종로5가역,154-107,16.16,패션잡화,2021-09-02,2026-10-02,4110000,
26,개별(일반),1호선,동대문(1)역,155-101,28.48,패션잡화,2023-06-19,2028-07-19,5240000,
27,개별(일반),1호선,동묘앞(1)역,159-201,17.7,식음료,2020-10-19,2025-11-18,3550000,
28,개별(일반),2호선,을지로입구역,202-102,16.7,기타,2021-08-19,2026-08-19,14500000,
29,개별(일반),2호선,을지로입구역,202-103,17.2,기타,2022-06-07,2027-06-07,15450000,
30,개별(일반),2호선,을지로입구역,202-104,17.2,편의점,2019-10-15,2024-11-13,14993000,
31,개별(일반),2호선,을지로입구역,202-105,16.7,기타,2019-12-12,2025-01-10,14403100,
32,개별(일반),2호선,을지로입구역,202-106,33.9,패션잡화,2021-06-07,2026-07-07,8176600,
33,개별(일반),2호선,을지로입구역,202-108,32.51,식음료,2021-01-04,2026-02-03,12350000,
34,개별(대형),2호선,을지로입구역,202-110,32.2,기타,2023-02-27,2028-05-28,1061604,
35,개별(일반),2호선,을지로입구역,202-111,17.6,편의점,2024-08-27,2029-09-26,8100000,
36,개별(일반),2호선,을지로입구역,202-113,19.47,패션잡화,2023-05-24,2028-06-23,4258300,
37,개별(대형),2호선,을지로입구역,202-114,180,기타,2023-02-27,2028-05-28,44049396,
38,개별(대형),2호선,을지로입구역,202-119,,기타,2023-02-27,2028-05-28,,
39,개별(일반),2호선,을지로입구역,202-115,26.82,식음료,2020-12-21,2026-01-20,5600000,
40,개별(일반),2호선,을지로입구역,202-116,75.95,식음료,2017-11-07,2024-12-06,16177400,
41,네트워크,2호선,을지로입구역,202-117,16,식음료,2021-02-01,2026-06-01,4964659,
42,공실,2호선,을지로입구역,202-118,40,,,,,2단계. 시설물 점검
43,네트워크,2호선,을지로입구역,202-120,19,플라워,2018-11-27,2029-01-25,2269740,
44,임대진행,2호선,을지로입구역,202-M21,76,,,,,3단계. 감정평가
45,개별(일반),2호선,을지로3가(2)역,203-101,16.2,패션잡화,2020-10-14,2025-11-13,823300,
46,개별(일반),2호선,을지로3가(2)역,203-102,16.2,기타,2020-11-02,2025-12-02,603600,
47,임대진행,2호선,을지로3가(2)역,203-107,13.5,,,,,3단계. 감정평가
48,개별(일반),2호선,을지로3가(2)역,203-110,25.6,플라워,2019-04-02,2029-05-01,851100,
49,개별(일반),2호선,을지로3가(2)역,203-112,26,플라워,2019-04-02,2029-05-01,1312300,
50,개별(일반),2호선,을지로3가(2)역,203-114,13,기타,2022-02-21,2027-03-23,905000,
51,개별(일반),2호선,을지로3가(2)역,203-115,18.96,패션잡화,2020-11-26,2026-01-10,450000,
52,개별(일반),2호선,을지로3가(2)역,203-116,27.9,식음료,2022-10-14,2027-11-13,1645000,
53,임대진행,2호선,을지로3가(2)역,203-117,18.19,,,,,3단계. 감정평가
54,개별(일반),2호선,을지로3가(2)역,203-119,25,식음료,2023-06-19,2028-07-19,1710000,
55,개별(일반),2호선,을지로4가(2)역,204-105,22.84,기타,2022-04-01,2027-04-01,1040000,
56,개별(일반),2호선,을지로4가(2)역,204-107,23.2,패션잡화,2022-07-28,2027-07-27,501000,
57,개별(일반),2호선,을지로4가(2)역,204-108,14.9,패션잡화,2021-06-16,2026-07-16,330000,
58,개별(일반),2호선,을지로4가(2)역,204-109,14.9,기타,2023-10-30,2028-11-29,665000,
59,개별(일반),2호선,을지로4가(2)역,204-110,14.9,식음료,2024-08-22,2029-08-21,703000,
60,네트워크,2호선,을지로4가(2)역,204-112,38,식음료,2018-01-08,2025-02-16,2161008,
61,개별(일반),2호선,을지로4가(2)역,204-113,32.8,식음료,2020-11-02,2025-12-02,1466600,
62,개별(일반),2호선,동대문역사문화공원(2)역,205-101,62.2,사무실,2021-04-14,2026-05-14,1452000,
63,네트워크,2호선,동대문역사문화공원(2)역,205-103,31.69,패션잡화,2018-11-16,2029-01-14,6441937,
64,네트워크,2호선,동대문역사문화공원(2)역,205-104,32.5,식음료,2021-02-01,2026-06-01,11100210,
65,개별(일반),2호선,동대문역사문화공원(2)역,205-105,12,식음료,2021-01-04,2026-02-03,4310000,
66,개별(일반),2호선,동대문역사문화공원(2)역,205-106,25.7,편의점,2022-02-21,2027-03-23,7122000,
67,개별(일반),2호선,동대문역사문화공원(2)역,205-107,45.64,패션잡화,2023-02-06,2028-03-08,9310000,
68,네트워크,2호선,동대문역사문화공원(2)역,205-109,19.5,식음료,2022-12-02,2028-04-01,5059793,
69,개별(일반),2호선,신당(2)역,206-101,14.82,식음료,2020-12-21,2026-01-20,1100000,
70,개별(일반),2호선,신당(2)역,206-102,11,기타,2018-11-06,2028-12-05,880000,
71,네트워크,2호선,상왕십리역,207-101,30.6,화장품,2020-12-23,2026-03-23,2666031,
72,개별(일반),2호선,상왕십리역,207-102,37,편의점,2022-04-08,2027-04-08,5610000,
73,개별(일반),2호선,상왕십리역,207-103,30,플라워,2021-03-19,2026-04-18,2516600,
74,개별(일반),2호선,왕십리(2)역,208-105,12.35,패션잡화,2017-09-19,2024-10-18,1131400,
75,개별(일반),2호선,왕십리(2)역,208-106,12.35,패션잡화,2024-02-07,2029-03-08,1301000,
76,개별(일반),2호선,왕십리(2)역,208-107,33.68,식음료,2020-11-26,2026-01-10,1520000,
77,복합,2호선,왕십리(2)역,208-108,24.5,식음료,2022-10-24,2028-02-21,3046700,
78,복합,2호선,왕십리(2)역,208-109,24.5,식음료,2022-10-24,2028-02-21,3080519,
79,복합,2호선,왕십리(2)역,208-110,44.43,기타,2022-10-24,2028-02-21,5438610,
80,복합,2호선,왕십리(2)역,208-111,30.06,기타,2022-10-24,2028-02-21,3779559,
81,복합,2호선,왕십리(2)역,208-112,27.65,패션잡화,2022-10-24,2028-02-21,3321212,
82,개별(일반),2호선,한양대역,209-001,46.8,사무실,2019-05-21,2029-06-19,435600,
83,개별(일반),2호선,한양대역,209-002,13.9,식음료,2020-04-03,2025-05-03,3170000,
84,개별(일반),2호선,한양대역,209-003,18,편의점,2020-08-03,2025-09-02,3400000,
85,개별(일반),2호선,한양대역,209-004,90.1,기타,2017-11-07,2024-12-06,4912200,
86,개별(일반),2호선,한양대역,209-005,20.04,식음료,2024-07-01,2029-07-31,3570000,
87,개별(일반),2호선,뚝섬역,210-004,14.23,패션잡화,2023-05-03,2028-06-02,800000,
88,개별(일반),2호선,뚝섬역,210-005,31.2,패션잡화,2024-02-13,2029-03-14,4440000,
89,개별(일반),2호선,뚝섬역,210-006,13,식음료,2020-11-26,2026-01-10,500000,
90,개별(일반),2호선,뚝섬역,210-007,25.17,식음료,2022-05-09,2027-06-08,1410000,
91,개별(일반),2호선,뚝섬역,210-008,21.99,플라워,2023-03-06,2028-04-05,2259300,
92,네트워크,2호선,성수역,211-002,28.4,화장품,2020-12-23,2026-03-23,4012522,
93,공실,2호선,성수역,211-003,23.5,,,,,2단계. 시설물 점검
94,개별(일반),2호선,성수역,211-006,16.28,플라워,2022-04-11,2027-05-11,3320000,
95,개별(일반),2호선,성수역,211-007,32.76,기타,2022-02-18,2027-03-20,1700000,
96,개별(일반),2호선,성수역,211-010,27,패션잡화,2020-10-30,2025-11-29,2511000,
97,소송상가,2호선,성수역,211-011,22.8,식음료,2018-07-10,2023-08-08,4800000,
98,개별(일반),2호선,성수역,211-012,21.3,식음료,2019-11-26,2024-12-25,2702700,
99,개별(일반),2호선,건대입구(2)역,212-002,69.5,식음료,2019-06-25,2029-07-24,7822200,
100,개별(일반),2호선,건대입구(2)역,212-003,22.8,플라워,2021-10-27,2026-11-26,2978200,
101,네트워크,2호선,건대입구(2)역,212-004,19.5,편의점,2022-12-02,2028-04-01,2827656,
102,개별(일반),2호선,건대입구(2)역,212-006,29.5,패션잡화,2019-12-24,2025-01-22,5011000,
103,네트워크,2호선,건대입구(2)역,212-007,29.68,식음료,2017-12-29,2025-02-06,6271910,
104,개별(일반),2호선,건대입구(2)역,212-010,36,식음료,2021-10-28,2026-11-27,10810000,
105,개별(일반),2호선,건대입구(2)역,212-011,35.6,식음료,2018-12-25,2029-01-23,6429200,
106,개별(일반),2호선,건대입구(2)역,212-012,23.42,플라워,2022-01-13,2027-02-12,5196800,
107,네트워크,2호선,구의역,213-001,23.1,플라워,2022-10-21,2028-02-18,2561360,
108,개별(일반),2호선,구의역,213-003,12.08,식음료,2020-04-01,2025-05-01,1687000,
109,네트워크,2호선,구의역,213-004,50.46,화장품,2020-12-23,2026-03-23,6940535,
110,개별(일반),2호선,구의역,213-006,20,패션잡화,2023-09-11,2028-10-11,2211000,
111,개별(일반),2호선,구의역,213-007,27.57,식음료,2018-12-21,2029-01-19,1035300,
112,네트워크,2호선,강변역,214-001,36.5,화장품,2020-12-23,2026-03-23,8729997,
113,개별(일반),2호선,강변역,214-004,41,편의점,2022-02-14,2027-02-14,14410000,
114,개별(대형),2호선,잠실나루역,215-001,112.3,기타,2019-04-09,2029-05-08,6126100,
115,개별(일반),2호선,잠실나루역,215-002,27.54,의약업,2021-04-12,2026-05-12,4711000,
116,네트워크,2호선,잠실나루역,215-003,48.1,편의점,2022-06-09,2027-08-08,6956940,
117,개별(일반),2호선,잠실나루역,215-004,24.8,기타,2021-04-22,2026-05-22,2660000,
118,개별(일반),2호선,잠실나루역,215-005,25.62,플라워,2020-11-26,2026-01-10,2100000,
119,개별(일반),2호선,잠실나루역,215-006,24,식음료,2021-03-15,2026-04-14,2810000,
120,개별(일반),2호선,잠실나루역,215-007,28.6,패션잡화,2021-06-21,2026-07-21,1230000,
121,개별(대형),2호선,잠실나루역,215-008,102.5,의약업,2018-12-18,2028-12-17,14816100,
122,복합,2호선,잠실(2)역,216-101,15.5,식음료,2023-03-13,2028-08-10,8372000,
123,개별(일반),2호선,잠실(2)역,216-102,21.3,편의점,2021-05-24,2026-06-23,9900000,
124,복합,2호선,잠실(2)역,216-103,31.2,편의점,2023-03-13,2028-08-10,15106000,
125,개별(일반),2호선,잠실(2)역,216-105,20.82,패션잡화,2022-06-09,2027-07-09,2500000,
126,개별(일반),2호선,잠실(2)역,216-107,10.45,기타,2023-05-08,2028-06-07,1993900,
127,개별(일반),2호선,잠실(2)역,216-108,10.45,패션잡화,2022-05-27,2027-06-26,1630500,
128,개별(일반),2호선,잠실(2)역,216-109,20.9,기타,2021-12-13,2027-01-12,3500000,
129,개별(일반),2호선,잠실(2)역,216-111,20.9,식음료,2021-06-01,2026-07-01,3100000,
130,개별(일반),2호선,잠실(2)역,216-113,10.44,식음료,2021-05-28,2026-06-27,1750000,
131,네트워크,2호선,잠실(2)역,216-114,10.38,식음료,2021-06-03,2026-08-02,4106615,
132,복합,2호선,잠실(2)역,216-115,37.73,기타,2023-03-13,2028-08-10,21112000,
133,복합,2호선,잠실(2)역,216-120,124.91,기타,2023-03-13,2028-08-10,70980000,
134,임대진행,2호선,잠실(2)역,216-121,32,,,,,3단계. 감정평가
135,복합,2호선,잠실(2)역,216-122,34,패션잡화,2023-03-13,2028-08-10,19838000,
136,복합,2호선,잠실(2)역,216-123,34,식음료,2023-03-13,2028-08-10,19474000,
137,복합,2호선,잠실(2)역,216-124,36,기타,2023-03-13,2028-08-10,20202000,
138,네트워크,2호선,잠실(2)역,216-125,12,식음료,2021-02-01,2026-06-01,10072227,
139,개별(일반),2호선,잠실(2)역,216-126,14.2,의약업,2021-02-01,2026-03-03,6150000,
140,개별(일반),2호선,잠실(2)역,216-127,14,식음료,2021-06-01,2026-07-01,8030000,
141,복합,2호선,잠실(2)역,216-128,12,식음료,2023-03-13,2028-08-10,6916000,
142,소송상가,2호선,잠실(2)역,216-129,40.1,식음료,2019-09-17,2024-11-15,10636263,
143,공실,2호선,잠실(2)역,216-130,38,,,,,2단계. 시설물 점검
144,네트워크,2호선,잠실새내역,217-101,24.65,편의점,2022-12-02,2028-04-01,4790715,
145,개별(일반),2호선,잠실새내역,217-102,19.44,패션잡화,2022-11-14,2027-12-14,3410000,
146,개별(일반),2호선,잠실새내역,217-103,19.44,의약업,2024-06-07,2029-07-07,2916600,
147,개별(일반),2호선,종합운동장역,218-101,65.37,기타,2023-04-24,2028-05-24,4851600,
148,개별(일반),2호선,종합운동장역,218-102,31.1,편의점,2022-11-10,2027-12-10,2572200,
149,개별(일반),2호선,종합운동장역,218-104,71.8,편의점,2022-03-04,2027-03-04,7392500,
150,개별(일반),2호선,종합운동장역,218-106,25,식음료,2024-03-12,2029-04-11,3000000,
151,네트워크,2호선,종합운동장역,218-107,25,식음료,2018-01-08,2025-02-16,3072420,
152,개별(일반),2호선,종합운동장역,218-108,53.2,식음료,2024-07-01,2029-07-31,6050000,
153,네트워크,2호선,선릉역,220-101,38.03,화장품,2020-12-23,2026-03-23,11892315,
154,개별(일반),2호선,선릉역,220-102,24.34,패션잡화,2021-02-15,2026-03-17,4440000,
155,개별(일반),2호선,선릉역,220-103,19.48,의약업,2020-12-17,2026-01-16,4166600,
156,공실,2호선,선릉역,220-104,20.21,,,,,2단계. 시설물 점검
157,복합,2호선,선릉역,220-105,20,패션잡화,2022-02-24,2027-04-25,6176760,
158,복합,2호선,선릉역,220-106,34.46,패션잡화,2022-02-24,2027-04-25,10125559,
159,복합,2호선,선릉역,220-107,20,패션잡화,2022-02-24,2027-04-25,5876140,
160,복합,2호선,선릉역,220-108,24.1,패션잡화,2022-02-24,2027-04-25,7081430,
161,복합,2호선,선릉역,220-109,18.48,식음료,2022-02-24,2027-04-25,5707568,
162,복합,2호선,선릉역,220-110,19,식음료,2022-02-24,2027-04-25,5582543,
163,네트워크,2호선,선릉역,220-112,13,식음료,2021-02-01,2026-06-01,3758111,
164,네트워크,2호선,선릉역,220-113,18.3,플라워,2022-10-21,2028-02-18,6424161,
165,네트워크,2호선,선릉역,220-115,16,식음료,2018-01-08,2025-02-16,6821212,
166,개별(일반),2호선,선릉역,220-116,12,식음료,2020-12-24,2026-01-23,2600000,
167,개별(일반),2호선,선릉역,220-117,16,패션잡화,2020-03-02,2025-04-01,4530000,
168,복합,2호선,역삼역,221-102,361,의약업,2022-01-24,2027-05-24,12451500,
169,복합,2호선,역삼역,221-127,34.02,의약업,2022-01-24,2027-05-24,5492822,
170,네트워크,2호선,역삼역,221-216,26.4,편의점,2022-12-02,2028-04-01,4879147,
171,공실,2호선,역삼역,221-217,22.5,,,,,2단계. 시설물 점검
172,공실,2호선,역삼역,221-218,52.32,,,,,2단계. 시설물 점검
173,개별(일반),2호선,역삼역,221-219,23.18,의약업,2021-03-12,2026-04-11,4211300,
174,소송상가,2호선,역삼역,221-220,107.5,식음료,2019-09-17,2024-11-15,17245941,
175,네트워크,2호선,역삼역,221-224,21,식음료,2021-02-01,2026-06-01,2343936,
176,개별(일반),2호선,역삼역,221-225,13,식음료,2020-11-05,2025-12-05,3810000,
177,개별(일반),2호선,역삼역,221-226,25.8,식음료,2022-04-11,2027-05-11,8412000,
178,개별(일반),2호선,강남역,222-101,26.55,패션잡화,2021-07-12,2026-08-11,10000800,
179,공실,2호선,강남역,222-102,13.3,,,,,2단계. 시설물 점검
180,개별(일반),2호선,강남역,222-103,26.6,의약업,2023-05-08,2028-06-07,14551200,
181,네트워크,2호선,강남역,222-105,35.5,화장품,2020-12-23,2026-03-23,22234458,
182,소송상가,2호선,강남역,222-108,60.97,식음료,2019-09-17,2024-11-15,29358258,
183,공실,2호선,강남역,222-109,20.3,,,,,2단계. 시설물 점검
184,네트워크,2호선,교대(2)역,223-101,18.6,식음료,2021-02-01,2026-06-01,4338960,
185,개별(일반),2호선,교대(2)역,223-102,56.3,식음료,2021-01-11,2026-02-10,6683300,
186,개별(일반),2호선,교대(2)역,223-103,11,기타,2019-11-20,2024-12-19,621900,
187,개별(일반),2호선,교대(2)역,223-104,18,플라워,2022-09-01,2027-10-01,2063300,
188,공실,2호선,교대(2)역,223-105,29.28,,,,,2단계. 시설물 점검
189,개별(일반),2호선,교대(2)역,223-106,28.05,식음료,2022-06-08,2027-06-08,3360000,
190,개별(일반),2호선,교대(2)역,223-107,15,식음료,2024-07-24,2029-08-23,2508300,
191,개별(일반),2호선,교대(2)역,223-108,15,식음료,2024-02-13,2029-03-14,11515000,
192,임대진행,2호선,서초역,224-101,21.82,,,,,5단계. 입찰공고
193,네트워크,2호선,서초역,224-102,20.6,식음료,2021-06-03,2026-08-02,2896848,
194,개별(일반),2호선,서초역,224-103,32.02,패션잡화,2022-10-14,2027-11-13,2910000,
195,네트워크,2호선,서초역,224-104,32.02,편의점,2022-06-09,2027-08-08,9932040,
196,개별(일반),2호선,서초역,224-106,28.7,의약업,2023-06-19,2028-07-19,3874200,
197,네트워크,2호선,서초역,224-107,16,패션잡화,2021-11-22,2027-01-21,2409452,
198,개별(일반),2호선,서초역,224-108,17.8,식음료,2020-06-22,2025-07-22,2525200,
199,개별(일반),2호선,서초역,224-109,16,식음료,2024-02-13,2029-03-14,2200000,
200,네트워크,2호선,방배역,225-101,27,화장품,2020-12-23,2026-03-23,2722601,
201,개별(일반),2호선,방배역,225-104,19.32,식음료,2023-10-16,2028-11-15,1900000,
202,개별(일반),2호선,방배역,225-105,17.85,플라워,2019-08-23,2024-09-21,1700000,
203,개별(일반),2호선,방배역,225-106,20.43,식음료,2022-01-18,2027-02-17,2503000,
204,개별(일반),2호선,방배역,225-107,19.43,무인프린트,2022-12-22,2028-01-21,1266600,
205,개별(일반),2호선,방배역,225-109,18,기타,2022-06-17,2027-07-17,740000,
206,개별(일반),2호선,사당(2)역,226-101,65.5,패션잡화,2021-06-03,2026-07-03,15833300,
207,네트워크,2호선,사당(2)역,226-102,57.72,화장품,2020-12-23,2026-03-23,26027971,
208,네트워크,2호선,사당(2)역,226-104,20.2,패션잡화,2021-11-22,2027-01-21,5875337,
209,소송상가,2호선,사당(2)역,226-105,137,식음료,2019-09-17,2024-11-15,28555111,
210,개별(일반),2호선,사당(2)역,226-107,11.45,식음료,2024-02-16,2029-03-17,3360000,
211,개별(일반),2호선,사당(2)역,226-108,26.4,식음료,2023-09-11,2028-10-11,15456400,
212,공실,2호선,사당(2)역,226-109,71.83,,,,,2단계. 시설물 점검
213,개별(일반),2호선,사당(2)역,226-110,14.96,식음료,2020-07-31,2025-08-30,5133000,
214,네트워크,2호선,사당(2)역,226-112,23,식음료,2021-02-01,2026-06-01,10679418,
215,개별(일반),2호선,사당(2)역,226-113,22,의약업,2024-02-13,2029-03-14,8151000,
216,개별(일반),2호선,사당(2)역,226-114,25.04,식음료,2019-12-24,2025-01-22,5003800,
217,개별(일반),2호선,사당(2)역,226-115,12.84,플라워,2024-07-15,2029-08-14,5500000,
218,개별(일반),2호선,사당(2)역,226-116,15.3,식음료,2022-06-17,2027-07-17,7070000,
219,공실,2호선,낙성대역,227-101,16.7,,,,,2단계. 시설물 점검
220,개별(일반),2호선,낙성대역,227-102,20.94,패션잡화,2020-08-03,2025-09-02,3210000,
221,개별(일반),2호선,낙성대역,227-103,21.28,패션잡화,2023-07-06,2028-08-05,3135000,
222,개별(일반),2호선,낙성대역,227-104,112.42,기타,2019-11-02,2024-12-31,1010000,
223,네트워크,2호선,서울대입구역,228-101,26.64,화장품,2020-12-23,2026-03-23,5906786,
224,네트워크,2호선,서울대입구역,228-103,14,식음료,2021-02-01,2026-06-01,4484731,
225,네트워크,2호선,서울대입구역,228-105,29.26,식음료,2017-12-29,2025-02-06,9325810,
226,네트워크,2호선,봉천역,229-101,27.81,밀키트,2022-06-20,2027-08-19,3034000,
227,네트워크,2호선,봉천역,229-103,17.61,패션잡화,2018-11-16,2029-01-14,1877048,
228,네트워크,2호선,신림역,230-104,15,식음료,2021-02-01,2026-06-01,6998323,
229,개별(일반),2호선,신림역,230-105,14,패션잡화,2023-03-20,2028-04-19,5115000,
230,개별(일반),2호선,신림역,230-106,16,의약업,2024-05-07,2029-06-06,12100000,
231,개별(일반),2호선,신림역,230-107,8,플라워,2021-06-03,2026-07-03,4550000,
232,개별(일반),2호선,신림역,230-109,13,식음료,2020-12-21,2026-01-20,8520000,
233,네트워크,2호선,신대방역,231-001,27.8,편의점,2022-06-09,2027-08-08,4751700,
234,개별(일반),2호선,신대방역,231-003,24.9,식음료,2023-03-06,2028-04-05,4046100,
235,공실,2호선,신대방역,231-004,240.3,,,,,2단계. 시설물 점검
236,개별(대형),2호선,구로디지털단지역,232-001,103,의약업,2021-01-18,2026-03-18,17010000,
237,개별(일반),2호선,구로디지털단지역,232-002,29,식음료,2022-06-17,2027-07-17,13000900,
238,네트워크,2호선,구로디지털단지역,232-003,10.66,식음료,2017-12-29,2025-02-06,6803490,
239,개별(대형),2호선,구로디지털단지역,232-004,100.8,패션잡화,2020-08-03,2025-09-02,10230000,
240,공실,2호선,대림(2)역,233-002,15.76,,,,,1단계. 사업계획 수립중
241,개별(일반),2호선,대림(2)역,233-004,14.93,패션잡화,2022-06-09,2027-07-09,6250000,
242,개별(일반),2호선,대림(2)역,233-006,14.93,기타,2020-09-11,2025-10-11,11100000,
243,개별(일반),2호선,대림(2)역,233-007,14.93,식음료,2020-07-29,2025-08-28,6510000,
244,개별(일반),2호선,대림(2)역,233-008,19.47,식음료,2020-12-21,2026-01-20,9600000,
245,네트워크,2호선,대림(2)역,233-010,20,편의점,2022-06-09,2027-06-08,6293858,
246,임대진행,2호선,대림(2)역,233-013,15.5,,,,,5단계. 입찰공고
247,개별(일반),2호선,대림(2)역,233-014,14,식음료,2022-04-11,2027-05-11,9132000,
248,개별(일반),2호선,대림(2)역,233-015,33,패션잡화,2019-11-26,2024-12-25,13030000,
249,네트워크,2호선,신도림역,234-104,24.13,화장품,2020-12-23,2026-03-23,6022805,
250,네트워크,2호선,신도림역,234-108,25,편의점,2022-06-09,2027-06-08,13863307,
251,개별(일반),2호선,신도림역,234-109,34.49,식음료,2018-12-28,2029-01-26,8213700,
252,개별(일반),2호선,신도림역,234-110,12,식음료,2021-08-12,2026-09-11,12085000,
253,개별(일반),2호선,신도림역,234-112,44.6,플라워,2021-11-18,2026-12-18,6120000,
254,네트워크,2호선,신도림역,234-113,40.8,플라워,2018-11-27,2029-01-25,5152224,
255,개별(일반),2호선,신도림역,234-114,44.6,식음료,2023-05-08,2028-06-07,6630900,
256,개별(일반),2호선,신도림역,234-115,22.5,의약업,2021-09-03,2026-10-03,3310000,
257,개별(일반),2호선,신도림역,234-116,22.5,식음료,2020-02-24,2025-03-25,3269500,
258,네트워크,2호선,신도림역,234-117,27.4,패션잡화,2018-11-16,2029-01-14,4988166,
259,네트워크,2호선,신도림역,234-118,21.06,편의점,2022-12-02,2028-04-01,3363047,
260,소송상가,2호선,신도림역,234-119,85.5,식음료,2019-09-17,2024-11-15,22737727,
261,네트워크,2호선,문래역,235-101,28.29,화장품,2020-12-23,2026-03-23,2660399,
262,개별(일반),2호선,문래역,235-102,17,식음료,2020-11-26,2025-12-26,4019000,
263,개별(일반),2호선,문래역,235-103,42,식음료,2020-02-24,2025-03-25,3608800,
264,개별(일반),2호선,문래역,235-104,17.83,식음료,2020-11-09,2025-12-09,1180000,
265,공실,2호선,영등포구청(2)역,236-101,22.32,,,,,2단계. 시설물 점검
266,복합,2호선,영등포구청(2)역,236-102,19.88,식음료,2019-07-15,2024-10-23,1263053,
267,복합,2호선,영등포구청(2)역,236-103,26.01,패션잡화,2019-07-15,2024-10-23,6206426,
268,복합,2호선,영등포구청(2)역,236-105,24.14,식음료,2019-07-15,2024-10-23,1533667,
269,복합,2호선,영등포구청(2)역,236-112,28.93,식음료,2019-07-15,2024-10-23,7500864,
270,복합,2호선,영등포구청(2)역,236-113,17.13,식음료,2019-07-15,2024-10-23,4220527,
271,복합,2호선,영등포구청(2)역,236-114,29.07,식음료,2019-07-15,2024-10-23,3125463,
272,공실,2호선,당산역,237-001,34,,,,,2단계. 시설물 점검
273,개별(일반),2호선,당산역,237-002,26.14,식음료,2022-08-08,2027-09-07,8706600,
274,개별(일반),2호선,당산역,237-004,35.64,편의점,2023-07-03,2028-08-02,3641600,
275,개별(일반),2호선,당산역,237-005,25,패션잡화,2024-08-02,2029-09-01,2736600,
276,개별(일반),2호선,당산역,237-007,60.04,식음료,2019-12-10,2025-01-08,5359000,
277,개별(일반),2호선,합정(2)역,238-101,30.74,플라워,2021-11-18,2026-12-18,5851900,
278,개별(일반),2호선,합정(2)역,238-102,31.41,패션잡화,2020-02-24,2025-03-25,6550000,
279,개별(일반),2호선,합정(2)역,238-103,18.47,식음료,2020-11-03,2025-12-03,3710000,
280,개별(일반),2호선,합정(2)역,238-104,17.6,식음료,2022-01-28,2027-02-27,11757000,
281,개별(일반),2호선,합정(2)역,238-105,13.65,의약업,2021-05-27,2026-06-26,4419000,
282,개별(일반),2호선,합정(2)역,238-106,13.16,무인프린트,2022-07-08,2027-08-07,1750000,
283,네트워크,2호선,합정(2)역,238-107,26.59,화장품,2020-12-23,2026-03-23,6781462,
284,개별(일반),2호선,합정(2)역,238-109,13.69,패션잡화,2020-05-27,2025-06-26,3620000,
285,개별(일반),2호선,합정(2)역,238-110,13.69,식음료,2024-08-27,2029-09-26,6200000,
286,개별(일반),2호선,합정(2)역,238-111,38.05,편의점,2022-08-08,2027-09-07,10010000,
287,복합,2호선,합정(2)역,238-112,29.89,식음료,2022-08-29,2027-11-27,5048024,
288,복합,2호선,합정(2)역,238-113,42.23,패션잡화,2022-08-29,2027-11-27,5252036,
289,복합,2호선,합정(2)역,238-115,60.05,패션잡화,2022-08-29,2027-11-27,7682925,
290,복합,2호선,합정(2)역,238-116,42.01,기타,2022-08-29,2027-11-27,5374815,
291,복합,2호선,홍대입구역,239-102,33,식음료,2021-03-22,2026-07-20,9613837,
292,복합,2호선,홍대입구역,239-103,17.11,식음료,2021-03-22,2026-07-20,5192551,
293,복합,2호선,홍대입구역,239-104,32.73,패션잡화,2021-03-22,2026-07-20,9932939,
294,복합,2호선,홍대입구역,239-105,85.88,패션잡화,2021-03-22,2026-07-20,25274548,
295,복합,2호선,홍대입구역,239-108,31,편의점,2021-03-22,2026-07-20,9031258,
296,네트워크,2호선,홍대입구역,239-110,12,화장품,2020-12-23,2026-03-23,7428858,
297,네트워크,2호선,신촌역,240-101,33,화장품,2020-12-23,2026-03-23,17632662,
298,개별(일반),2호선,신촌역,240-103,9.8,패션잡화,2022-11-03,2027-12-03,4407400,
299,개별(일반),2호선,신촌역,240-104,13.2,식음료,2024-07-01,2029-07-31,7710000,
300,공실,2호선,신촌역,240-105,30.17,,,,,2단계. 시설물 점검
301,임대진행,2호선,신촌역,240-106,11.25,,,,,3단계. 감정평가
302,개별(일반),2호선,신촌역,240-107,21,의약업,2021-01-28,2026-02-28,6783300,
303,네트워크,2호선,신촌역,240-108,18,식음료,2021-02-01,2026-06-01,8217169,
304,임대진행,2호선,신촌역,240-109,32,,,,,5단계. 입찰공고
305,네트워크,2호선,신촌역,240-110,44.42,편의점,2022-06-09,2027-06-08,15722963,
306,개별(일반),2호선,이대역,241-102,14.5,패션잡화,2022-12-22,2028-01-21,2320000,
307,개별(일반),2호선,이대역,241-103,13.51,패션잡화,2022-12-22,2028-01-21,2180000,
308,개별(일반),2호선,이대역,241-104,21.13,플라워,2022-04-04,2027-05-04,3020000,
309,개별(일반),2호선,이대역,241-106,27.66,식음료,2023-07-13,2028-08-12,3150000,
310,임대진행,2호선,이대역,241-107,20,,,,,3단계. 감정평가
311,개별(일반),2호선,이대역,241-108,33,기타,2023-06-29,2028-07-29,2400000,
312,네트워크,2호선,아현역,242-101,35.2,화장품,2020-12-23,2026-03-23,2353016,
313,네트워크,2호선,아현역,242-103,34.8,패션잡화,2022-12-16,2028-04-15,1951902,
314,개별(일반),2호선,아현역,242-105,22.58,식음료,2021-02-15,2026-04-01,460000,
315,네트워크,2호선,아현역,242-107,24.05,플라워,2022-10-27,2028-02-24,1028675,
316,네트워크,2호선,아현역,242-109,25,밀키트,2022-06-20,2027-08-19,1124425,
317,네트워크,2호선,충정로(2)역,243-201,26.12,화장품,2020-12-23,2026-03-23,5693895,
318,개별(일반),2호선,충정로(2)역,243-206,15,식음료,2019-11-26,2024-12-25,3512000,
319,개별(일반),2호선,양천구청역,248-101,18.84,식음료,2021-02-22,2026-03-24,886500,
320,네트워크,2호선,양천구청역,248-102,26.04,밀키트,2022-06-20,2027-08-19,965550,
321,네트워크,2호선,신정네거리역,249-203,42.45,밀키트,2022-06-20,2027-08-19,1622575,
322,네트워크,3호선,연신내(3)역,311-102,38.3,패션잡화,2023-01-16,2028-05-16,5089545,
323,개별(일반),3호선,연신내(3)역,311-103,29.9,패션잡화,2023-10-16,2028-11-15,2660000,
324,개별(일반),3호선,연신내(3)역,311-106,19.96,기타,2019-08-24,2024-09-22,965000,
325,개별(일반),3호선,연신내(3)역,311-108,19.96,식음료,2024-05-20,2029-06-19,2780000,
326,개별(일반),3호선,연신내(3)역,311-113,22,의약업,2024-01-24,2029-02-23,1875800,
327,개별(일반),3호선,불광(3)역,312-102,12.99,무인프린트,2022-06-17,2027-07-17,500000,
328,개별(일반),3호선,불광(3)역,312-103,13.02,식음료,2021-09-08,2026-10-08,337800,
329,네트워크,3호선,불광(3)역,312-104,39.05,기타,2022-09-07,2028-02-04,1178800,
330,임대진행,3호선,불광(3)역,312-109,13.03,,,,,5단계. 입찰공고
331,임대진행,3호선,불광(3)역,312-110,13.03,,,,,5단계. 입찰공고
332,네트워크,3호선,불광(3)역,312-113,18.81,화장품,2020-12-23,2026-03-23,1135946,
333,개별(일반),3호선,불광(3)역,312-114,35,패션잡화,2020-12-02,2026-01-01,1800000,
334,개별(일반),3호선,불광(3)역,312-115,23,패션잡화,2023-10-20,2028-11-19,1020000,
335,개별(일반),3호선,불광(3)역,312-117,46,식음료,2023-09-11,2028-10-11,2605100,
336,개별(대형),3호선,녹번역,313-101,103.85,패션잡화,2020-02-14,2025-03-14,1879100,
337,개별(일반),3호선,녹번역,313-106,19.3,패션잡화,2020-11-23,2025-12-23,485000,
338,개별(일반),3호선,녹번역,313-107,12.65,무인프린트,2023-06-05,2028-07-05,531600,
339,개별(일반),3호선,녹번역,313-108,13.47,식음료,2023-05-08,2028-06-07,713000,
340,개별(일반),3호선,녹번역,313-110,29.3,패션잡화,2020-02-21,2025-03-22,698000,
341,공실,3호선,홍제역,314-101,23.4,,,,,2단계. 시설물 점검
342,공실,3호선,홍제역,314-103,14.41,,,,,2단계. 시설물 점검
343,공실,3호선,홍제역,314-104,14.41,,,,,2단계. 시설물 점검
344,공실,3호선,홍제역,314-105,14.41,,,,,2단계. 시설물 점검
345,공실,3호선,홍제역,314-106,14.41,,,,,2단계. 시설물 점검
346,공실,3호선,홍제역,314-107,14.41,,,,,2단계. 시설물 점검
347,공실,3호선,홍제역,314-108,14.41,,,,,2단계. 시설물 점검
348,공실,3호선,홍제역,314-112,14.41,,,,,2단계. 시설물 점검
349,공실,3호선,홍제역,314-113,14.41,,,,,2단계. 시설물 점검
350,개별(대형),3호선,홍제역,314-118,1351,기타,2022-02-24,2027-04-25,46465000,
351,개별(일반),3호선,홍제역,314-220,15.52,식음료,2020-11-30,2025-12-30,2420400,
352,임대진행,3호선,홍제역,314-221,16.8,,,,,3단계. 감정평가
353,네트워크,3호선,경복궁역,317-201,25.5,식음료,2021-02-01,2026-06-01,1508490,
354,개별(일반),3호선,안국역,318-201,19.5,기타,2020-05-19,2025-06-18,611000,
355,개별(일반),3호선,안국역,318-205,28.8,기타,2019-11-22,2024-12-21,660000,
356,개별(일반),3호선,안국역,318-206,28.8,플라워,2022-02-21,2027-03-23,909200,
357,개별(일반),3호선,안국역,318-207,18.8,플라워,2020-06-22,2025-07-22,1166600,
358,개별(일반),3호선,안국역,318-208,18.8,패션잡화,2020-05-18,2025-06-17,3333500,
359,개별(일반),3호선,안국역,318-209,20.5,무인프린트,2023-11-06,2028-12-06,680000,
360,개별(일반),3호선,안국역,318-210,20.5,기타,2020-10-31,2025-10-31,392000,
361,개별(일반),3호선,안국역,318-214,19.09,기타,2022-06-13,2027-06-13,451800,
362,개별(일반),3호선,안국역,318-215,27.1,무인프린트,2023-11-02,2028-12-02,656600,
363,개별(일반),3호선,안국역,318-316,26.31,의약업,2023-10-16,2028-11-15,2066900,
364,개별(일반),3호선,안국역,318-317,27.57,패션잡화,2021-04-22,2026-05-22,1700000,
365,개별(일반),3호선,종로3가(3)역,319-101,19.5,기타,2020-11-09,2025-12-09,4800000,
366,복합,3호선,종로3가(3)역,319-205,248.9,의약업,2022-01-24,2027-05-24,15144878,
367,네트워크,3호선,종로3가(3)역,319-304,11,식음료,2021-02-01,2026-06-01,2529218,
368,개별(일반),3호선,종로3가(3)역,319-306,21,의약업,2020-12-31,2026-01-30,3000000,
369,개별(일반),3호선,종로3가(3)역,319-307,47,패션잡화,2023-03-16,2028-04-15,18120000,
370,개별(일반),3호선,종로3가(3)역,319-308,40,패션잡화,2018-12-25,2029-01-23,7371100,
371,임대진행,3호선,종로3가(3)역,319-309,20,,,,,3단계. 감정평가
372,임대진행,3호선,종로3가(3)역,319-310,20,,,,,3단계. 감정평가
373,임대진행,3호선,종로3가(3)역,319-311,15.4,,,,,3단계. 감정평가
374,개별(일반),3호선,을지로3가(3)역,320-208,10.2,식음료,2020-10-19,2025-11-18,1410000,
375,개별(일반),3호선,을지로3가(3)역,320-209,17,식음료,2024-03-29,2029-04-28,2430000,
376,개별(일반),3호선,을지로3가(3)역,320-210,20,패션잡화,2020-06-22,2025-07-22,1900000,
377,개별(일반),3호선,을지로3가(3)역,320-212,26.4,패션잡화,2021-08-30,2026-09-29,4567800,
378,개별(일반),3호선,동대입구역,322-201,17.04,편의점,2022-02-15,2027-02-15,1201000,
379,임대진행,3호선,동대입구역,322-202,16.68,,,,,5단계. 입찰공고
380,개별(일반),3호선,동대입구역,322-203,33.46,사무실,2019-12-12,2025-01-10,311666.6667,
381,개별(일반),3호선,동대입구역,322-205,33.3,기타,2021-06-04,2026-07-04,300000,
382,임대진행,3호선,동대입구역,322-207,37.52,,,,,5단계. 입찰공고
383,개별(일반),3호선,동대입구역,322-209,16.8,기타,2021-04-20,2026-04-20,153600,
384,개별(일반),3호선,동대입구역,322-210,33.7,기타,2020-08-13,2025-09-12,1101000,
385,임대진행,3호선,동대입구역,322-212,17.14,,,,,5단계. 입찰공고
386,개별(일반),3호선,동대입구역,322-213,33.37,식음료,2019-10-25,2024-11-23,1635700,
387,네트워크,3호선,약수(3)역,323-101,22.32,화장품,2020-12-23,2026-03-23,3780596,
388,네트워크,3호선,약수(3)역,323-104,11.57,식음료,2017-12-29,2025-02-06,3260820,
389,네트워크,3호선,금호역,324-101,50.3,화장품,2020-12-23,2026-03-23,2285262,
390,개별(일반),3호선,금호역,324-108,28,식음료,2020-11-16,2025-12-16,750000,
391,개별(일반),3호선,금호역,324-109,25.3,편의점,2021-08-13,2026-08-13,1675000,
392,개별(일반),3호선,금호역,324-110,18.61,식음료,2022-02-15,2027-03-17,808000,
393,개별(일반),3호선,금호역,324-111,21,플라워,2020-11-09,2025-12-09,1082300,
394,네트워크,3호선,옥수역,325-001,41.64,화장품,2020-12-23,2026-03-23,4736736,
395,개별(대형),3호선,옥수역,325-010,555,기타,2020-03-23,2025-04-22,13500000,
396,개별(일반),3호선,옥수역,325-012,18.9,편의점,2019-06-21,2029-07-20,2095000,
397,개별(일반),3호선,옥수역,325-013,11.6,패션잡화,2022-01-28,2027-02-27,3640000,
398,공실,3호선,압구정역,326-102,37,,,,,2단계. 시설물 점검
399,네트워크,3호선,압구정역,326-103,23.76,화장품,2020-12-23,2026-03-23,7195687,
400,네트워크,3호선,압구정역,326-104,18.62,플라워,2018-11-27,2029-01-25,2611408,
401,네트워크,3호선,압구정역,326-105,12.3,식음료,2021-02-01,2026-06-01,1716096,
402,개별(일반),3호선,압구정역,326-106,26,식음료,2021-04-22,2026-05-22,3371000,
403,개별(일반),3호선,신사역,327-101,25.39,패션잡화,2021-05-25,2026-06-24,5010000,
404,임대진행,3호선,신사역,327-103,31.3,,,,,3단계. 감정평가
405,개별(일반),3호선,신사역,327-104,23.7,의약업,2021-06-03,2026-07-03,2533400,
406,개별(일반),3호선,신사역,327-105,23.7,패션잡화,2021-02-01,2026-03-03,2810000,
407,네트워크,3호선,신사역,327-106,23.7,패션잡화,2018-11-16,2029-01-14,3480342,
408,개별(일반),3호선,신사역,327-107,23.7,패션잡화,2019-04-02,2029-05-01,3282900,
409,개별(일반),3호선,신사역,327-109,47.4,패션잡화,2023-02-06,2028-03-08,6880000,
410,개별(일반),3호선,신사역,327-111,23.7,패션잡화,2020-08-20,2025-09-19,2690000,
411,임대진행,3호선,신사역,327-112,23.7,,,,,3단계. 감정평가
412,개별(일반),3호선,신사역,327-113,18.2,식음료,2021-08-31,2026-09-30,7120000,
413,개별(일반),3호선,신사역,327-114,18.05,식음료,2019-12-10,2025-01-08,2520000,
414,개별(일반),3호선,신사역,327-115,17.36,플라워,2020-11-26,2026-01-10,1520000,
415,네트워크,3호선,신사역,327-116,16,식음료,2021-02-01,2026-06-01,2214461,
416,네트워크,3호선,신사역,327-117,29.06,식음료,2017-12-29,2025-02-06,6946200,
417,복합,3호선,고속터미널(3)역,329-111,7475.19,패션잡화,2016-03-15,2026-11-09,287922774,
418,복합,3호선,고속터미널(3)역,329-112,,패션잡화,2016-03-15,2026-11-09,,
419,복합,3호선,고속터미널(3)역,329-113,,패션잡화,2016-03-15,2026-11-09,,
420,복합,3호선,고속터미널(3)역,329-114,,패션잡화,2016-03-15,2026-11-09,,
421,복합,3호선,고속터미널(3)역,329-115,,패션잡화,2016-03-15,2026-11-09,,
422,복합,3호선,고속터미널(3)역,329-116,,패션잡화,2016-03-15,2026-11-09,,
423,복합,3호선,고속터미널(3)역,329-117,,의약업,2016-03-15,2026-11-09,,
424,복합,3호선,고속터미널(3)역,329-118,,패션잡화,2016-03-15,2026-11-09,,
425,복합,3호선,고속터미널(3)역,329-119,,기타,2016-03-15,2026-11-09,,
426,복합,3호선,고속터미널(3)역,329-120,,패션잡화,2016-03-15,2026-11-09,,
427,복합,3호선,고속터미널(3)역,329-121,,패션잡화,2016-03-15,2026-11-09,,
428,복합,3호선,고속터미널(3)역,329-122,,화장품,2016-03-15,2026-11-09,,
429,복합,3호선,고속터미널(3)역,329-123,,패션잡화,2016-03-15,2026-11-09,,
430,복합,3호선,고속터미널(3)역,329-124,,패션잡화,2016-03-15,2026-11-09,,
431,복합,3호선,고속터미널(3)역,329-125,,패션잡화,2016-03-15,2026-11-09,,
432,복합,3호선,고속터미널(3)역,329-126,,패션잡화,2016-03-15,2026-11-09,,
433,복합,3호선,고속터미널(3)역,329-127,,패션잡화,2016-03-15,2026-11-09,,
434,복합,3호선,고속터미널(3)역,329-128,,패션잡화,2016-03-15,2026-11-09,,
435,복합,3호선,고속터미널(3)역,329-129,,패션잡화,2016-03-15,2026-11-09,,
436,복합,3호선,고속터미널(3)역,329-130,,패션잡화,2016-03-15,2026-11-09,,
437,복합,3호선,고속터미널(3)역,329-131,,기타,2016-03-15,2026-11-09,,
438,복합,3호선,고속터미널(3)역,329-132,,패션잡화,2016-03-15,2026-11-09,,
439,복합,3호선,고속터미널(3)역,329-133,,패션잡화,2016-03-15,2026-11-09,,
440,복합,3호선,고속터미널(3)역,329-134,,패션잡화,2016-03-15,2026-11-09,,
441,복합,3호선,고속터미널(3)역,329-135,,식음료,2016-03-15,2026-11-09,,
442,복합,3호선,고속터미널(3)역,329-136,,기타,2016-03-15,2026-11-09,,
443,복합,3호선,고속터미널(3)역,329-137,,패션잡화,2016-03-15,2026-11-09,,
444,복합,3호선,고속터미널(3)역,329-138,,패션잡화,2016-03-15,2026-11-09,,
445,복합,3호선,고속터미널(3)역,329-139,,기타,2016-03-15,2026-11-09,,
446,복합,3호선,고속터미널(3)역,329-140,,식음료,2016-03-15,2026-11-09,,
447,복합,3호선,고속터미널(3)역,329-141,,패션잡화,2016-03-15,2026-11-09,,
448,복합,3호선,고속터미널(3)역,329-142,,식음료,2016-03-15,2026-11-09,,
449,복합,3호선,고속터미널(3)역,329-143,,식음료,2016-03-15,2026-11-09,,
450,복합,3호선,고속터미널(3)역,329-144,,패션잡화,2016-03-15,2026-11-09,,
451,네트워크,3호선,고속터미널(3)역,329-201,28.8,화장품,2020-12-23,2026-03-23,15587596,
452,개별(일반),3호선,고속터미널(3)역,329-203,33.75,패션잡화,2022-02-21,2027-03-23,22300000,
453,복합,3호선,고속터미널(3)역,329-204,106.63,패션잡화,2021-03-22,2026-07-20,48204012,
454,복합,3호선,고속터미널(3)역,329-205,61.37,패션잡화,2021-03-22,2026-07-20,21472664,
455,복합,3호선,고속터미널(3)역,329-206,20.45,식음료,2021-03-22,2026-07-20,9244791,
456,개별(일반),3호선,교대(3)역,330-101,75.3,사무실,2019-05-14,2029-06-12,509200,
457,개별(일반),3호선,교대(3)역,330-102,37.7,사무실,2023-09-25,2028-10-25,520000,
458,개별(일반),3호선,교대(3)역,330-103,37.7,패션잡화,2022-06-07,2027-07-07,994600,
459,공실,3호선,교대(3)역,330-104,37.7,,,,,2단계. 시설물 점검
460,개별(대형),3호선,교대(3)역,330-105,113.1,편의점,2021-08-13,2026-08-13,5376800,
461,개별(대형),3호선,교대(3)역,330-106,146,사무실,2019-04-30,2029-05-29,541400,
462,개별(일반),3호선,교대(3)역,330-107,186.77,기타,2019-06-01,2029-05-31,3486000,
463,공실,3호선,교대(3)역,330-111,37.7,,,,,1단계. 사업계획 수립중
464,개별(일반),3호선,교대(3)역,330-112,37.7,플라워,2023-02-20,2028-03-22,980000,
465,개별(일반),3호선,교대(3)역,330-113,91.4,사무실,2019-05-14,2029-06-12,510100,
466,개별(일반),3호선,양재역,332-102,27.2,패션잡화,2023-09-20,2028-10-20,4700000,
467,네트워크,3호선,양재역,332-103,44.88,패션잡화,2018-11-16,2029-01-14,7770516,
468,네트워크,3호선,양재역,332-104,44.98,패션잡화,2018-11-16,2029-01-14,7787829,
469,공실,3호선,양재역,332-105,51.92,,,,,1단계. 사업계획 수립중
470,네트워크,3호선,양재역,332-106,20,식음료,2021-02-01,2026-06-01,4866457,
471,네트워크,3호선,양재역,332-108,18,편의점,2022-12-02,2028-04-01,3173291,
472,개별(일반),3호선,양재역,332-110,40,기타,2020-11-06,2025-12-06,4110000,
473,네트워크,3호선,양재역,332-111,21,패션잡화,2021-11-22,2027-01-21,2414050,
474,개별(일반),3호선,매봉역,333-101,9.41,식음료,2020-09-14,2025-10-29,566600,
475,개별(일반),3호선,매봉역,333-102,26,식음료,2020-10-19,2025-11-18,2520000,
476,개별(일반),3호선,매봉역,333-103,16,패션잡화,2024-05-20,2029-06-19,3010000,
477,개별(일반),3호선,매봉역,333-104,15.77,패션잡화,2021-11-05,2026-12-05,2016600,
478,개별(일반),3호선,도곡역,334-102,23.18,패션잡화,2021-11-09,2026-12-09,2357000,
479,개별(일반),3호선,도곡역,334-103,21.9,패션잡화,2020-02-07,2025-03-07,867500,
480,개별(일반),3호선,도곡역,334-104,25.04,기타,2020-02-07,2025-03-07,991800,
481,개별(일반),3호선,도곡역,334-201,28.2,패션잡화,2024-01-26,2029-02-25,1240000,
482,개별(일반),3호선,대청역,337-102,26.61,식음료,2020-02-24,2025-03-25,2516600,
483,임대진행,3호선,대청역,337-103,23,,,,,3단계. 감정평가
484,개별(일반),3호선,일원역,338-M01,61.48,의약업,2022-11-11,2027-12-11,3533300,
485,개별(일반),3호선,일원역,338-102,46,편의점,2024-01-25,2029-01-25,8800000,
486,개별(대형),3호선,일원역,338-M03,898,기타,2024-06-14,2029-11-11,9016600,
487,개별(일반),3호선,일원역,338-104,51,의약업,2020-08-31,2025-09-30,3511000,
488,개별(일반),3호선,일원역,338-106,51.7,사무실,2020-10-12,2025-11-11,467500,
489,개별(일반),3호선,수서역,339-101,27.54,식음료,2022-02-21,2027-03-23,11100000,
490,네트워크,3호선,수서역,339-107,38.9,식음료,2021-06-03,2026-08-02,1681327,
491,개별(일반),3호선,수서역,339-108,20.1,패션잡화,2021-08-13,2026-09-12,5054000,
492,네트워크,3호선,수서역,339-109,20.1,패션잡화,2021-11-22,2027-01-21,947227,
493,개별(일반),3호선,수서역,339-110,21,패션잡화,2021-10-21,2026-11-20,9071500,
494,개별(일반),3호선,수서역,339-111,21,의약업,2017-11-28,2024-12-27,2649500,
495,개별(일반),3호선,수서역,339-112,28.28,기타,2017-11-28,2024-12-27,3030800,
496,개별(일반),3호선,수서역,339-114,24,패션잡화,2023-10-13,2028-10-12,5599900,
497,개별(일반),3호선,가락시장(3)역,340-101,21,식음료,2021-05-27,2026-06-26,1200000,
498,개별(일반),3호선,경찰병원역,341-101,57,의약업,2022-01-28,2027-02-27,3520000,
499,개별(일반),3호선,경찰병원역,341-102,37.4,의약업,2021-08-12,2026-09-11,3500000,
500,개별(일반),4호선,당고개역,409-022,56.3,식음료,2022-05-10,2027-06-09,500000,
501,네트워크,4호선,당고개역,409-027,28.01,밀키트,2022-06-20,2027-08-19,1732250,
502,개별(대형),4호선,당고개역,409-028,311,식음료,2021-02-08,2026-04-09,11007000,
503,개별(일반),4호선,당고개역,409-029,27.84,기타,2020-08-13,2025-09-12,2307000,
504,개별(일반),4호선,상계역,410-001,26.2,패션잡화,2020-11-23,2025-12-23,1418300,
505,네트워크,4호선,상계역,410-006,21.5,기타,2022-09-07,2028-02-04,1571733,
506,개별(일반),4호선,상계역,410-007,21.5,패션잡화,2023-04-05,2028-05-05,1446500,
507,소송상가,4호선,상계역,410-008,100,기타,2018-09-22,2023-10-21,7410300,
508,네트워크,4호선,상계역,410-009,32.16,패션잡화,2023-01-16,2028-05-16,3093386,
509,개별(일반),4호선,상계역,410-010,23.15,패션잡화,2021-09-09,2026-10-09,2720000,
510,임대진행,4호선,상계역,410-011,25.99,,,,,3단계. 감정평가
511,개별(일반),4호선,상계역,410-012,29.11,패션잡화,2022-05-13,2027-06-12,1410100,
512,개별(일반),4호선,상계역,410-013,48,패션잡화,2022-05-13,2027-06-12,2310000,
513,개별(일반),4호선,상계역,410-014,59.5,패션잡화,2021-08-13,2026-09-12,2810000,
514,개별(일반),4호선,노원(4)역,411-001,29.9,사무실,2020-12-22,2026-01-21,700000,
515,개별(일반),4호선,노원(4)역,411-003,14.91,식음료,2020-08-03,2025-09-02,1650000,
516,개별(일반),4호선,창동역,412-001,11,패션잡화,2021-01-14,2026-02-13,2510000,
517,개별(일반),4호선,창동역,412-004,58.5,패션잡화,2020-11-03,2025-11-03,8626000,
518,네트워크,4호선,쌍문역,413-101,20.2,편의점,2022-12-02,2028-04-01,2643669,
519,네트워크,4호선,수유역,414-101,13.4,패션잡화,2018-11-16,2029-01-14,2060650,
520,개별(일반),4호선,수유역,414-102,18.67,패션잡화,2020-02-24,2025-03-25,4033000,
521,개별(일반),4호선,수유역,414-103,18.43,패션잡화,2023-10-16,2028-11-15,5240000,
522,네트워크,4호선,수유역,414-104,10.4,플라워,2018-11-27,2029-01-25,1658800,
523,네트워크,4호선,수유역,414-105,12,식음료,2021-06-03,2026-08-02,5176243,
524,네트워크,4호선,수유역,414-106,23,편의점,2022-06-09,2027-06-08,10844872,
525,네트워크,4호선,수유역,414-107,22.42,식음료,2023-02-27,2028-05-28,14508336,
526,네트워크,4호선,미아역,415-101,31.6,편의점,2022-12-02,2028-04-01,2480675,
527,임대진행,4호선,미아역,415-102,50.24,,,,,3단계. 감정평가
528,임대진행,4호선,미아역,415-103,50.24,,,,,3단계. 감정평가
529,개별(일반),4호선,미아사거리역,416-101,44.4,패션잡화,2021-03-15,2026-04-14,7330000,
530,개별(일반),4호선,미아사거리역,416-104,14.8,패션잡화,2021-04-12,2026-05-12,1700000,
531,공실,4호선,미아사거리역,416-105,12,,,,,2단계. 시설물 점검
532,개별(일반),4호선,미아사거리역,416-106,20.78,패션잡화,2021-03-15,2026-04-14,6054000,
533,공실,4호선,미아사거리역,416-107,22.56,,,,,2단계. 시설물 점검
534,개별(일반),4호선,미아사거리역,416-108,16.88,기타,2020-12-07,2026-01-21,710000,
535,개별(일반),4호선,미아사거리역,416-109,17.24,패션잡화,2020-08-20,2025-09-19,980000,
536,개별(일반),4호선,미아사거리역,416-110,33.76,패션잡화,2024-01-29,2029-02-28,7810000,
537,개별(일반),4호선,미아사거리역,416-112,17.24,패션잡화,2019-08-24,2024-09-22,1030000,
538,개별(일반),4호선,미아사거리역,416-113,13.22,패션잡화,2019-04-09,2029-05-08,677400,
539,네트워크,4호선,미아사거리역,416-114,17.06,패션잡화,2018-11-16,2029-01-14,1762126,
540,개별(일반),4호선,미아사거리역,416-115,18.66,의약업,2021-08-18,2026-09-17,990000,
541,개별(일반),4호선,미아사거리역,416-116,33.94,기타,2022-10-13,2027-11-12,3500000,
542,개별(일반),4호선,미아사거리역,416-118,24.02,패션잡화,2024-01-29,2029-02-28,3200000,
543,임대진행,4호선,미아사거리역,416-119,13.86,,,,,3단계. 감정평가
544,개별(일반),4호선,미아사거리역,416-120,29.03,패션잡화,2022-08-08,2027-09-07,7370000,
545,네트워크,4호선,미아사거리역,416-121,24,식음료,2021-02-01,2026-06-01,7795261,
546,개별(일반),4호선,미아사거리역,416-122,31,식음료,2022-01-28,2027-02-27,10521600,
547,네트워크,4호선,미아사거리역,416-123,12,패션잡화,2021-11-22,2027-01-21,2165748,
548,네트워크,4호선,길음역,417-101,20.04,화장품,2020-12-23,2026-03-23,1948081,
549,개별(대형),4호선,길음역,417-102,100,밀키트,2021-01-11,2026-03-11,5500000,
550,개별(일반),4호선,성신여대입구역,418-105,16.5,패션잡화,2021-06-01,2026-07-01,1356600,
551,개별(일반),4호선,성신여대입구역,418-106,19.7,패션잡화,2019-07-16,2024-08-14,1150000,
552,개별(일반),4호선,성신여대입구역,418-107,32.47,패션잡화,2023-03-06,2028-04-05,4237300,
553,네트워크,4호선,성신여대입구역,418-108,30.8,플라워,2022-10-21,2028-02-18,4686896,
554,개별(일반),4호선,성신여대입구역,418-110,21.09,패션잡화,2020-02-19,2025-03-20,2340000,
555,개별(일반),4호선,성신여대입구역,418-111,16,식음료,2020-11-04,2025-12-04,3181500,
556,개별(일반),4호선,혜화역,420-103,17.46,식음료,2021-01-18,2026-02-17,7160000,
557,개별(일반),4호선,혜화역,420-105,20,식음료,2021-01-04,2026-02-03,5660000,
558,네트워크,4호선,동대문(4)역,421-108,23,패션잡화,2023-01-16,2028-05-16,1811085,
559,네트워크,4호선,동대문(4)역,421-109,28,식음료,2017-12-29,2025-02-06,3068170,
560,개별(일반),4호선,동대문(4)역,421-110,10,식음료,2021-01-04,2026-02-03,3350000,
561,임대진행,4호선,동대문(4)역,421-111,24.6,,,,,5단계. 입찰공고
562,개별(일반),4호선,동대문(4)역,421-118,24.47,패션잡화,2020-10-30,2025-11-29,5222000,
563,개별(일반),4호선,동대문(4)역,421-119,12.5,패션잡화,2021-08-12,2026-09-11,6200000,
564,개별(일반),4호선,동대문(4)역,421-212,20,패션잡화,2023-07-24,2028-08-23,2200000,
565,개별(일반),4호선,동대문(4)역,421-213,40.7,패션잡화,2023-06-05,2028-07-05,5580000,
566,공실,4호선,동대문(4)역,421-214,40.76,,,,,2단계. 시설물 점검
567,개별(일반),4호선,동대문(4)역,421-215,40.46,패션잡화,2023-06-26,2028-07-26,4041000,
568,임대진행,4호선,동대문(4)역,421-217,19.8,,,,,5단계. 입찰공고
569,개별(일반),4호선,동대문역사문화공원(4)역,422-104,16.68,패션잡화,2022-06-16,2027-07-16,1810000,
570,개별(일반),4호선,동대문역사문화공원(4)역,422-203,27.09,패션잡화,2021-12-28,2027-01-27,7333300,
571,개별(일반),4호선,동대문역사문화공원(4)역,422-205,89,패션잡화,2021-05-26,2026-06-25,3530000,
572,네트워크,4호선,동대문역사문화공원(4)역,422-206,58,패션잡화,2021-11-22,2027-01-21,1933538.974,
573,개별(일반),4호선,동대문역사문화공원(4)역,422-211,30,사무실,2023-07-24,2028-08-23,1672000,
574,개별(일반),4호선,충무로(4)역,423-101,18.86,플라워,2023-05-08,2028-06-07,2018500,
575,네트워크,4호선,충무로(4)역,423-102,31.54,화장품,2020-12-23,2026-03-23,6921841,
576,네트워크,4호선,충무로(4)역,423-104,21,식음료,2021-06-03,2026-08-02,3576383,
577,개별(일반),4호선,충무로(4)역,423-106,19.93,편의점,2022-11-14,2027-12-14,3280000,
578,개별(일반),4호선,충무로(4)역,423-109,18.2,편의점,2019-04-30,2029-05-29,3845700,
579,임대진행,4호선,충무로(4)역,423-203,17.57,,,,,3단계. 감정평가
580,개별(대형),4호선,충무로(4)역,423-207,147.5,사무실,2022-10-17,2028-02-14,1900000,
581,네트워크,4호선,명동역,424-102,26,식음료,2021-02-01,2026-06-01,9605672,
582,개별(일반),4호선,회현역,425-101,20.3,패션잡화,2019-08-24,2024-09-22,4222000,
583,개별(일반),4호선,회현역,425-104,81.7,패션잡화,2020-02-24,2025-03-25,14430000,
584,임대진행,4호선,회현역,425-203,30,,,,,3단계. 감정평가
585,임대진행,4호선,숙대입구역,427-101,9.8,,,,,5단계. 입찰공고
586,개별(일반),4호선,숙대입구역,427-103,24.7,식음료,2021-12-10,2027-01-09,2270000,
587,개별(일반),4호선,신용산역,429-101,17.8,식음료,2022-06-15,2027-06-15,1700000,
588,개별(일반),4호선,신용산역,429-102,15.5,패션잡화,2021-12-06,2027-01-05,896400,
589,개별(일반),4호선,신용산역,429-103,15.5,플라워,2020-10-31,2025-10-31,801000,
590,개별(일반),4호선,신용산역,429-104,15.5,기타,2023-09-11,2028-09-10,911000,
591,공실,4호선,신용산역,429-105,31,,,,,2단계. 시설물 점검
592,네트워크,4호선,신용산역,429-107,30.6,패션잡화,2022-10-11,2028-02-08,1760887,
593,개별(일반),4호선,신용산역,429-111,17.5,플라워,2022-08-08,2027-09-07,771700,
594,임대진행,4호선,신용산역,429-112,11.4,,,,,5단계. 입찰공고
595,개별(일반),4호선,신용산역,429-113,23.76,기타,2020-08-13,2025-09-12,1462800,
596,개별(일반),4호선,신용산역,429-114,16.95,식음료,2020-02-24,2025-03-25,3350000,
597,개별(일반),4호선,이촌역,430-101,22,플라워,2023-05-02,2028-06-01,1319000,
598,네트워크,4호선,이촌역,430-103,19.3,식음료,2018-01-08,2025-02-16,1386563,
599,개별(일반),4호선,동작역,431-002,20,편의점,2022-05-04,2027-05-04,4730000,
600,개별(일반),4호선,동작역,431-003,16,식음료,2020-11-09,2025-12-09,3570000,
601,개별(일반),4호선,동작역,431-004,10.75,식음료,2019-12-21,2025-01-19,1510000,
602,개별(일반),4호선,총신대입구역,432-103,14.8,패션잡화,2023-10-23,2028-11-22,900000,
603,개별(일반),4호선,총신대입구역,432-104,31.9,패션잡화,2021-01-04,2026-02-03,1810000,
604,개별(일반),4호선,총신대입구역,432-108,16.3,사무실,2020-11-05,2025-12-05,186000,
605,개별(일반),4호선,총신대입구역,432-109,16.3,기타,2020-08-20,2025-09-19,1033300,
606,임대진행,4호선,총신대입구역,432-110,16.3,,,,,5단계. 입찰공고
607,개별(일반),4호선,총신대입구역,432-111,16.3,기타,2020-10-19,2025-11-18,1416600,
608,개별(일반),4호선,총신대입구역,432-112,16.3,기타,2020-10-19,2025-11-18,1416600,
609,개별(일반),4호선,총신대입구역,432-113,16.3,무인프린트,2022-07-08,2027-08-07,916600,
610,개별(일반),4호선,총신대입구역,432-114,16.3,패션잡화,2023-09-08,2028-10-08,1361600,
611,개별(일반),4호선,총신대입구역,432-115,31.4,식음료,2023-03-06,2028-04-05,5500000,
612,개별(일반),4호선,총신대입구역,432-117,12.63,식음료,2020-02-14,2025-03-14,734500,
613,임대진행,4호선,총신대입구역,432-123,21,,,,,5단계. 입찰공고
614,임대진행,4호선,총신대입구역,432-124,11,,,,,5단계. 입찰공고
615,개별(일반),4호선,총신대입구역,432-125,24,패션잡화,2020-02-24,2025-03-25,2000800,
616,네트워크,4호선,총신대입구역,432-126,21.4,식음료,2018-01-08,2025-02-16,3468097,
617,네트워크,4호선,총신대입구역,432-219,25.06,화장품,2020-12-23,2026-03-23,5451432,
618,개별(일반),4호선,총신대입구역,432-220,12.32,식음료,2021-01-04,2026-02-03,4444400,
619,임대진행,4호선,총신대입구역,432-222,36.34,,,,,3단계. 감정평가
620,개별(일반),4호선,사당(4)역,433-101,62.6,패션잡화,2022-11-03,2027-12-03,10600000,
621,개별(일반),4호선,사당(4)역,433-103,93,패션잡화,2020-06-22,2025-07-22,9630000,
622,개별(일반),4호선,사당(4)역,433-106,30.2,패션잡화,2023-09-22,2028-10-22,3633300,
623,개별(일반),4호선,사당(4)역,433-107,15.5,패션잡화,2023-09-22,2028-10-22,3000000,
624,개별(일반),4호선,사당(4)역,433-108,25.8,패션잡화,2024-05-20,2029-06-19,3303000,
625,개별(일반),4호선,사당(4)역,433-109,15.5,플라워,2022-12-22,2028-01-21,2620000,
626,임대진행,4호선,사당(4)역,433-110,33.8,,,,,5단계. 입찰공고
627,임대진행,4호선,사당(4)역,433-111,31,,,,,3단계. 감정평가
628,개별(일반),4호선,사당(4)역,433-112,62,식음료,2021-01-11,2026-02-10,5700000,
629,개별(일반),4호선,사당(4)역,433-114,31,패션잡화,2024-03-08,2029-04-07,5650000,
630,개별(일반),4호선,사당(4)역,433-115,92.1,패션잡화,2022-02-21,2027-03-23,13330000,
631,공실,4호선,사당(4)역,433-118,61.4,,,,,2단계. 시설물 점검
632,개별(일반),4호선,사당(4)역,433-120,30.7,패션잡화,2022-08-08,2027-09-07,4530000,
633,개별(일반),4호선,사당(4)역,433-121,30.7,패션잡화,2023-10-18,2028-11-17,3700000,
634,개별(일반),4호선,사당(4)역,433-122,30.7,의약업,2021-02-26,2026-03-28,5110000,
635,개별(일반),4호선,사당(4)역,433-123,30.7,기타,2021-01-04,2026-02-03,3620000,
636,개별(일반),4호선,사당(4)역,433-124,30.7,패션잡화,2021-07-08,2026-08-07,3599900,
637,임대진행,4호선,사당(4)역,433-125,30.7,,,,,3단계. 감정평가
638,개별(일반),4호선,사당(4)역,433-126,60,기타,2020-12-21,2026-01-20,6310000,
639,개별(대형),4호선,사당(4)역,433-140,408,패션잡화,2021-04-22,2026-06-21,40100000,
640,개별(일반),4호선,사당(4)역,433-141,22,식음료,2019-12-21,2025-01-19,4016000,
641,공실,4호선,사당(4)역,433-229,119.75,,,,,2단계. 시설물 점검
642,공실,4호선,사당(4)역,433-230,29.4,,,,,2단계. 시설물 점검
643,개별(대형),4호선,사당(4)역,433-239,871.4,기타,2019-11-15,2025-03-13,61517300,
644,네트워크,4호선,사당(4)역,433-242,24.8,패션잡화,2018-05-09,2025-07-07,6075444,
645,네트워크,5호선,방화역,510-101,30,편의점,2023-09-22,2028-10-04,2262000,
646,네트워크,5호선,방화역,510-102,40.53,플라워,2022-10-27,2028-02-24,2261169,
647,개별(일반),5호선,방화역,510-103,19.65,패션잡화,2023-08-11,2028-09-10,975000,
648,네트워크,5호선,개화산역,511-001,30,편의점,2023-09-22,2028-10-04,3022500,
649,개별(대형),5호선,김포공항역,512-101,103.42,사무실,2020-04-20,2025-05-20,968000,
650,네트워크,5호선,김포공항역,512-201,44.39,식음료,2021-09-06,2026-11-05,4927776,
651,네트워크,5호선,김포공항역,512-202,49.96,패션잡화,2018-05-09,2025-07-07,5113672,
652,네트워크,5호선,김포공항역,512-203,32.34,편의점,2023-09-22,2028-10-04,3256500,
653,개별(일반),5호선,김포공항역,512-205,53.97,식음료,2020-04-17,2025-05-17,5940000,
654,개별(일반),5호선,김포공항역,512-207,44.47,패션잡화,2022-06-09,2027-07-09,6140000,
655,개별(일반),5호선,김포공항역,512-208,43.71,패션잡화,2020-08-03,2025-09-02,4130000,
656,개별(일반),5호선,김포공항역,512-209,25.29,사무실,2020-12-28,2026-01-27,722400,
657,개별(일반),5호선,김포공항역,512-210,25.29,패션잡화,2020-08-31,2025-09-30,2901000,
658,개별(일반),5호선,김포공항역,512-211,25.58,패션잡화,2020-08-31,2025-09-30,3101000,
659,개별(일반),5호선,김포공항역,512-212,21.53,플라워,2020-08-03,2025-09-02,4310000,
660,네트워크,5호선,김포공항역,512-213,53.15,화상면접,2022-09-06,2028-01-04,613792,
661,개별(일반),5호선,김포공항역,512-214,48.52,패션잡화,2021-03-15,2026-04-14,4210000,
662,네트워크,5호선,송정역,513-101,21.87,식음료,2021-02-25,2026-04-26,2414160,
663,네트워크,5호선,송정역,513-102,22.66,패션잡화,2023-07-17,2028-08-31,1194933,
664,네트워크,5호선,송정역,513-201,42.37,편의점,2023-09-22,2028-10-04,2340000,
665,임대진행,5호선,송정역,513-203,70.51,,,,,5단계. 입찰공고
666,개별(일반),5호선,송정역,513-204,35.67,패션잡화,2024-05-02,2029-06-01,2020000,
667,개별(일반),5호선,송정역,513-205,16.2,패션잡화,2017-10-11,2024-11-09,1053100,
668,네트워크,5호선,발산역,515-102,33,편의점,2023-09-22,2028-10-04,4914000,
669,개별(일반),5호선,발산역,515-104,15.7,플라워,2023-11-23,2028-12-23,1500000,
670,개별(일반),5호선,발산역,515-105,27.14,식음료,2022-09-01,2027-10-01,6156100,
671,개별(일반),5호선,발산역,515-106,39.44,의약업,2021-05-04,2026-06-03,11030000,
672,네트워크,5호선,우장산역,516-101,33,편의점,2023-09-22,2028-10-04,4777500,
673,공실,5호선,우장산역,516-102,23.76,,,,,2단계. 시설물 점검
674,개별(일반),5호선,우장산역,516-103,14.8,무인프린트,2022-12-15,2028-01-14,850000,
675,개별(일반),5호선,우장산역,516-104,44.8,사무실,2020-12-28,2026-01-27,1685600,
676,네트워크,5호선,우장산역,516-105,19.84,패션잡화,2018-11-16,2029-01-14,1417987,
677,개별(일반),5호선,우장산역,516-106,19.88,패션잡화,2020-08-03,2025-09-02,2180000,
678,복합,5호선,화곡역,517-101,101.16,패션잡화,2017-05-22,2027-09-19,13475000,
679,복합,5호선,화곡역,517-102,22.5,패션잡화,2017-05-22,2027-09-19,9363200,
680,복합,5호선,화곡역,517-103,16.67,패션잡화,2017-05-22,2027-09-19,,
681,네트워크,5호선,화곡역,517-105,30,편의점,2023-09-22,2028-10-04,9321000,
682,개별(일반),5호선,화곡역,517-106,27,화장품,2020-08-03,2025-09-02,7500000,
683,네트워크,5호선,화곡역,517-107,67.04,식음료,2021-09-06,2026-11-05,8296201,
684,개별(일반),5호선,화곡역,517-108,33.77,패션잡화,2020-09-18,2025-10-18,5100000,
685,복합,5호선,까치산(5)역,518-101,27.45,패션잡화,2017-05-22,2027-09-19,7554800,
686,네트워크,5호선,까치산(5)역,518-102,37.82,편의점,2023-09-22,2028-10-04,8970000,
687,개별(일반),5호선,까치산(5)역,518-103,30.72,패션잡화,2019-10-08,2024-11-06,8152700,
688,복합,5호선,까치산(5)역,518-104,28.07,패션잡화,2017-05-22,2027-09-19,10223400,
689,개별(일반),5호선,까치산(5)역,518-106,36.85,식음료,2020-08-03,2025-09-02,10180000,
690,개별(일반),5호선,까치산(5)역,518-107,21.25,식음료,2020-07-30,2025-08-29,6210000,
691,복합,5호선,까치산(5)역,518-108,19.28,플라워,2017-05-22,2027-09-19,6383300,
692,개별(일반),5호선,까치산(5)역,518-109,24.15,기타,2020-08-03,2025-09-02,9300000,
693,복합,5호선,까치산(5)역,518-110,19.31,패션잡화,2017-05-22,2027-09-19,5297600,
694,네트워크,5호선,신정역,519-201,24,편의점,2023-09-22,2028-10-04,2457000,
695,임대진행,5호선,신정역,519-202,42.71,,,,,5단계. 입찰공고
696,개별(일반),5호선,목동역,520-101,23.69,화장품,2022-06-09,2027-07-09,2500000,
697,네트워크,5호선,목동역,520-102,31,패션잡화,2018-05-09,2025-07-07,3173011,
698,네트워크,5호선,목동역,520-103,30,편의점,2023-09-22,2028-10-04,5109000,
699,개별(일반),5호선,목동역,520-104,22.98,식음료,2023-04-20,2028-05-20,4330000,
700,개별(일반),5호선,목동역,520-106,22.8,패션잡화,2022-06-09,2027-07-09,3750000,
701,개별(일반),5호선,목동역,520-107,26.42,식음료,2020-08-03,2025-09-02,4200000,
702,복합,5호선,오목교역,521-101,9.01,패션잡화,2023-07-03,2028-10-11,,
703,복합,5호선,오목교역,521-102,14.15,식음료,2023-07-03,2028-10-11,,
704,복합,5호선,오목교역,521-103,21.95,식음료,2023-07-03,2028-10-11,,
705,복합,5호선,오목교역,521-104,7.61,플라워,2023-07-03,2028-10-11,,
706,복합,5호선,오목교역,521-105,89.1,기타,2023-07-03,2028-10-11,,
707,복합,5호선,오목교역,521-106,59.87,기타,2023-07-03,2028-10-11,,
708,복합,5호선,오목교역,521-107,11.64,기타,2023-07-03,2028-10-11,,
709,복합,5호선,오목교역,521-108,116.4,기타,2023-07-03,2028-10-11,,
710,복합,5호선,오목교역,521-109,106.82,식음료,2023-07-03,2028-10-11,,
711,복합,5호선,오목교역,521-110,18.24,식음료,2023-07-03,2028-10-11,,
712,공실,5호선,오목교역,521-111,118.84,,,,,1단계. 사업계획 수립중
713,복합,5호선,오목교역,521-112,8.15,기타,2023-07-03,2028-10-11,,
714,복합,5호선,오목교역,521-113,14.07,기타,2023-07-03,2028-10-11,,
715,복합,5호선,오목교역,521-114,33.1,패션잡화,2023-07-03,2028-10-11,,
716,복합,5호선,오목교역,521-115,16.2,기타,2023-07-03,2028-10-11,,
717,복합,5호선,오목교역,521-116,20.52,패션잡화,2023-07-03,2028-10-11,,
718,복합,5호선,오목교역,521-117,51.85,기타,2023-07-03,2028-10-11,,
719,복합,5호선,오목교역,521-118,52.37,기타,2023-07-03,2028-10-11,,
720,복합,5호선,오목교역,521-119,54.78,기타,2023-07-03,2028-10-11,,
721,복합,5호선,오목교역,521-120,109.56,기타,2023-07-03,2028-10-11,,
722,복합,5호선,오목교역,521-121,127.56,기타,2023-07-03,2028-10-11,,
723,복합,5호선,오목교역,521-122,65.13,플라워,2023-07-03,2028-10-11,86110000,
724,복합,5호선,오목교역,521-123,87.78,패션잡화,2023-07-03,2028-10-11,,
725,복합,5호선,오목교역,521-124,78.62,기타,2023-07-03,2028-10-11,,
726,복합,5호선,오목교역,521-125,81.05,기타,2023-07-03,2028-10-11,,
727,복합,5호선,오목교역,521-126,74.86,기타,2023-07-03,2028-10-11,,
728,복합,5호선,오목교역,521-127,53.08,패션잡화,2023-07-03,2028-10-11,,
729,복합,5호선,오목교역,521-128,26.17,식음료,2023-07-03,2028-10-11,,
730,복합,5호선,오목교역,521-129,28.49,패션잡화,2023-07-03,2028-10-11,,
731,복합,5호선,오목교역,521-130,28.02,패션잡화,2023-07-03,2028-10-11,,
732,복합,5호선,오목교역,521-131,57.6,기타,2023-07-03,2028-10-11,,
733,복합,5호선,오목교역,521-132,18.24,식음료,2023-07-03,2028-10-11,,
734,복합,5호선,오목교역,521-133,27.63,기타,2023-07-03,2028-10-11,,
735,복합,5호선,오목교역,521-201,47.97,패션잡화,2023-07-03,2028-10-11,,
736,복합,5호선,오목교역,521-202,49,패션잡화,2023-07-03,2028-10-11,,
737,복합,5호선,오목교역,521-203,27.47,식음료,2023-07-03,2028-10-11,,
738,복합,5호선,오목교역,521-204,21.7,식음료,2023-07-03,2028-10-11,,
739,복합,5호선,오목교역,521-205,9.7,식음료,2023-07-03,2028-10-11,,
740,네트워크,5호선,오목교역,521-206,43.51,편의점,2023-09-22,2028-10-04,5577000,
741,복합,5호선,오목교역,521-207,15.16,기타,2023-07-03,2028-10-11,,
742,복합,5호선,오목교역,521-208,22.25,식음료,2023-07-03,2028-10-11,,
743,복합,5호선,오목교역,521-209,62.37,식음료,2023-07-03,2028-10-11,,
744,복합,5호선,오목교역,521-211,35.8,패션잡화,2023-07-03,2028-10-11,,
745,복합,5호선,오목교역,521-212,36.19,식음료,2023-07-03,2028-10-11,,
746,복합,5호선,오목교역,521-213,31.1,식음료,2023-07-03,2028-10-11,,
747,복합,5호선,오목교역,521-214,37.9,기타,2023-07-03,2028-10-11,,
748,네트워크,5호선,영등포구청(5)역,523-401,34.33,편의점,2023-09-22,2028-10-04,2496000,
749,네트워크,5호선,영등포구청(5)역,523-402,313.4,공유오피스,2021-05-07,2026-11-03,5779441,
750,네트워크,5호선,영등포구청(5)역,523-404,24.8,식음료,2021-09-06,2026-11-05,5518570,
751,네트워크,5호선,영등포시장역,524-202,37.3,편의점,2023-09-22,2028-10-04,3100500,
752,개별(일반),5호선,신길역,525-101,20,식음료,2024-02-13,2029-03-14,7560000,
753,네트워크,5호선,신길역,525-102,40,플라워,2018-11-27,2029-01-25,3542000,
754,개별(일반),5호선,신길역,525-106,10,패션잡화,2023-08-11,2028-08-10,7100000,
755,공실,5호선,여의도역,526-100,47,,,,,1단계. 사업계획 수립중
756,네트워크,5호선,여의도역,526-101,35.24,편의점,2023-09-22,2028-10-04,4582500,
757,개별(일반),5호선,여의도역,526-102,22.04,식음료,2019-09-20,2024-10-19,2300000,
758,네트워크,5호선,여의도역,526-201,23.65,플라워,2018-11-27,2029-01-25,2929289,
759,개별(일반),5호선,여의도역,526-202,23.65,기타,2023-04-25,2028-05-25,1070000,
760,임대진행,5호선,여의도역,526-203,19.93,,,,,5단계. 입찰공고
761,네트워크,5호선,여의나루역,527-101,33.39,편의점,2023-09-22,2028-10-04,5869500,
762,개별(일반),5호선,여의나루역,527-102,34.86,식음료,2022-05-12,2027-06-11,2021800,
763,네트워크,5호선,마포역,528-101,29,편의점,2023-09-22,2028-10-04,3549000,
764,개별(일반),5호선,마포역,528-102,17.43,플라워,2021-07-12,2026-08-11,2350000,
765,개별(일반),5호선,마포역,528-103,41.13,기타,2021-02-08,2026-02-07,2960000,
766,네트워크,5호선,마포역,528-104,46.6,식음료,2021-09-06,2026-11-05,3861593,
767,네트워크,5호선,마포역,528-401,32.9,패션잡화,2023-07-17,2028-08-31,2368897,
768,개별(일반),5호선,공덕(5)역,529-101,70.3,패션잡화,2023-05-19,2028-06-18,4250200,
769,개별(대형),5호선,공덕(5)역,529-102,44,기타,2019-01-10,2029-05-09,24518300,
770,개별(대형),5호선,공덕(5)역,529-103,95.2,기타,2019-01-10,2029-05-09,,
771,개별(대형),5호선,공덕(5)역,529-105,38.7,식음료,2019-01-10,2029-05-09,,
772,개별(대형),5호선,공덕(5)역,529-106,39.7,식음료,2019-01-10,2029-05-09,,
773,개별(대형),5호선,공덕(5)역,529-107,38.7,기타,2019-01-10,2029-05-09,,
774,개별(대형),5호선,공덕(5)역,529-108,38.7,패션잡화,2019-01-10,2029-05-09,,
775,개별(대형),5호선,공덕(5)역,529-109,22,기타,2019-01-10,2029-05-09,,
776,개별(일반),5호선,공덕(5)역,529-110,34.5,기타,2019-12-30,2024-12-29,1211600,
777,네트워크,5호선,공덕(5)역,529-111,34.9,편의점,2023-09-22,2028-10-04,4056000,
778,네트워크,5호선,공덕(5)역,529-113,58.2,공유오피스,2021-05-07,2026-11-03,1126257.5,
779,개별(일반),5호선,공덕(5)역,529-114,33.71,기타,2023-07-21,2028-08-20,1083300,
780,개별(일반),5호선,공덕(5)역,529-115,37,패션잡화,2024-06-27,2029-07-27,1166600,
781,개별(일반),5호선,공덕(5)역,529-116,34,무인프린트,2023-04-20,2028-05-20,1375000,
782,개별(일반),5호선,공덕(5)역,529-117,33,플라워,2020-02-25,2025-03-26,1500000,
783,개별(일반),5호선,공덕(5)역,529-118,32,기타,2023-04-10,2028-05-10,949000,
784,개별(일반),5호선,공덕(5)역,529-119,32,패션잡화,2022-09-01,2027-10-01,1430000,
785,개별(일반),5호선,공덕(5)역,529-120,47.3,플라워,2021-07-05,2026-08-04,2517800,
786,개별(일반),5호선,공덕(5)역,529-121,52,플라워,2022-04-26,2027-05-26,2015000,
787,개별(일반),5호선,공덕(5)역,529-122,41.58,플라워,2020-11-13,2025-12-13,2815000,
788,개별(일반),5호선,공덕(5)역,529-123,28.5,패션잡화,2022-09-21,2027-10-21,968000,
789,네트워크,5호선,공덕(5)역,529-130,114.7,공유오피스,2021-05-07,2026-11-03,2801978.833,
790,개별(일반),5호선,공덕(5)역,529-202,57.3,패션잡화,2021-07-23,2026-08-22,1833300,
791,네트워크,5호선,애오개역,530-101,32.2,편의점,2023-09-22,2028-10-04,3159000,
792,개별(일반),5호선,충정로(5)역,531-101,42,사무실,2020-04-16,2025-05-16,550000,
793,개별(일반),5호선,충정로(5)역,531-201,20,패션잡화,2021-07-19,2026-08-18,447500,
794,네트워크,5호선,충정로(5)역,531-202,45,편의점,2023-09-22,2028-10-04,3861000,
795,임대진행,5호선,충정로(5)역,531-203,36.85,,,,,5단계. 입찰공고
796,개별(일반),5호선,충정로(5)역,531-204,29.01,무인프린트,2023-07-31,2028-08-30,450000,
797,개별(일반),5호선,충정로(5)역,531-205,29.01,패션잡화,2022-06-21,2027-07-21,407000,
798,개별(일반),5호선,서대문역,532-101,14.74,플라워,2019-04-30,2029-05-29,874600,
799,개별(일반),5호선,서대문역,532-102,8.25,무인프린트,2022-07-08,2027-08-07,375000,
800,개별(일반),5호선,서대문역,532-103,10.5,무인프린트,2023-07-21,2028-08-20,450000,
801,네트워크,5호선,서대문역,532-104,30.32,편의점,2023-09-22,2028-10-04,7254000,
802,개별(일반),5호선,서대문역,532-105,10.5,기타,2023-06-19,2028-07-19,514200,
803,개별(일반),5호선,서대문역,532-106,42.95,기타,,,,
804,개별(일반),5호선,서대문역,532-107,11.88,식음료,2021-03-15,2026-04-14,3011000,
805,개별(일반),5호선,서대문역,532-108,9.05,기타,2024-02-13,2029-03-14,551000,
806,개별(일반),5호선,서대문역,532-109,9.06,편의점,2023-04-28,2028-05-28,399800,
807,개별(일반),5호선,서대문역,532-301,25.79,패션잡화,2024-05-02,2029-06-01,600000,
808,소송상가,5호선,광화문역,533-101,849,기타,2020-10-29,2026-02-26,8525000,
809,네트워크,5호선,광화문역,533-103,56,편의점,2023-09-22,2028-10-04,9574500,
810,네트워크,5호선,광화문역,533-104,10,패션잡화,2018-11-16,2029-01-14,1319999,
811,개별(일반),5호선,광화문역,533-106,65.34,기타,2024-04-01,2029-05-01,733300,
812,네트워크,5호선,종로3가(5)역,534-202,29.48,편의점,2023-09-22,2028-10-04,6552000,
813,개별(일반),5호선,종로3가(5)역,534-301,21.4,기타,2022-10-27,2027-11-26,2583300,
814,개별(일반),5호선,을지로4가(5)역,535-101,29.82,사무실,2019-05-08,2029-06-06,317600,
815,개별(일반),5호선,을지로4가(5)역,535-102,16.8,패션잡화,2017-09-16,2024-10-15,1502400,
816,개별(일반),5호선,을지로4가(5)역,535-103,19.6,패션잡화,2023-08-17,2028-09-16,1205500,
817,네트워크,5호선,을지로4가(5)역,535-104,34.98,편의점,2023-09-22,2028-10-04,7488000,
818,개별(일반),5호선,을지로4가(5)역,535-105,41.45,패션잡화,2019-10-29,2024-11-27,633300,
819,개별(일반),5호선,을지로4가(5)역,535-106,41.45,사무실,2019-05-08,2029-06-06,537900,
820,네트워크,5호선,청구(5)역,537-301,47.89,패션잡화,2021-11-22,2027-01-21,2357147,
821,네트워크,5호선,청구(5)역,537-302,30,식음료,2021-09-06,2026-11-05,3832696,
822,네트워크,5호선,청구(5)역,537-304,46.33,편의점,2023-09-22,2028-10-04,4368000,
823,개별(일반),5호선,청구(5)역,537-305,18,식음료,2023-06-26,2028-07-26,2450000,
824,네트워크,5호선,신금호역,538-101,39.14,편의점,2023-09-22,2028-10-04,3178500,
825,임대진행,5호선,신금호역,538-102,23.5,,,,,4단계. 방침수립
826,네트워크,5호선,행당역,539-101,41.46,편의점,2023-09-22,2028-10-04,4095000,
827,개별(일반),5호선,행당역,539-301,30.84,플라워,2023-04-24,2028-05-24,1258300,
828,공실,5호선,행당역,539-302,39,,,,,2단계. 시설물 점검
829,개별(일반),5호선,행당역,539-303,46.78,패션잡화,2021-05-10,2026-06-09,2200000,
830,네트워크,5호선,왕십리(5)역,540-201,40,편의점,2023-09-22,2028-10-04,2808000,
831,네트워크,5호선,왕십리(5)역,540-202,10.3,플라워,2022-10-27,2028-02-24,566257,
832,네트워크,5호선,왕십리(5)역,540-203,50.84,화장품,2020-12-23,2026-03-23,3968787.964,
833,네트워크,5호선,왕십리(5)역,540-401,204,공유오피스,2021-05-07,2026-11-03,2556014.5,
834,개별(일반),5호선,왕십리(5)역,540-402,53.75,패션잡화,2023-04-24,2028-05-24,2175000,
835,개별(일반),5호선,왕십리(5)역,540-404,53.7,패션잡화,2024-06-27,2029-07-27,2200000,
836,개별(일반),5호선,왕십리(5)역,540-405,55.83,패션잡화,2019-12-18,2025-01-16,3640000,
837,개별(일반),5호선,왕십리(5)역,540-406,50,사무실,2023-09-18,2028-10-18,567800,
838,임대진행,5호선,왕십리(5)역,540-407,84.48,,,,,4단계. 방침수립
839,개별(일반),5호선,왕십리(5)역,540-408,37,패션잡화,2023-05-19,2028-06-18,2660000,
840,개별(일반),5호선,왕십리(5)역,540-409,37,패션잡화,2023-07-14,2028-08-13,2383300,
841,개별(일반),5호선,왕십리(5)역,540-410,73.57,패션잡화,2021-05-10,2026-06-09,4030000,
842,네트워크,5호선,마장역,541-101,30,편의점,2023-09-22,2028-10-04,2964000,
843,개별(일반),5호선,답십리역,542-101,50,패션잡화,2020-06-15,2025-07-15,1250000,
844,개별(일반),5호선,답십리역,542-103,61.97,기타,2019-11-12,2024-12-11,421600,
845,개별(일반),5호선,답십리역,542-104,57.89,식음료,2020-08-03,2025-09-02,4560000,
846,개별(일반),5호선,답십리역,542-202,25.5,패션잡화,2019-08-24,2024-09-22,1800000,
847,개별(일반),5호선,답십리역,542-203,35.8,패션잡화,2023-11-15,2028-12-15,1855000,
848,네트워크,5호선,답십리역,542-204,40,편의점,2023-09-22,2028-10-04,2476500,
849,개별(일반),5호선,답십리역,542-205,28.86,식음료,2022-01-17,2027-02-16,2200000,
850,개별(일반),5호선,장한평역,543-102,31.9,패션잡화,2021-05-10,2026-06-09,2260000,
851,네트워크,5호선,장한평역,543-103,52.8,편의점,2023-09-22,2028-10-04,5206500,
852,네트워크,5호선,장한평역,543-201,29.8,식음료,2021-09-06,2026-11-05,4296737,
853,네트워크,5호선,장한평역,543-202,35.62,식음료,2024-01-15,2029-03-25,1813152,
854,네트워크,5호선,장한평역,543-203,31.98,기타,2022-09-07,2028-02-04,2161133,
855,개별(일반),5호선,군자(5)역,544-103,148.7,패션잡화,2023-10-04,2028-11-18,7100000,
856,개별(일반),5호선,군자(5)역,544-107,44.67,화장품,2020-02-20,2025-03-21,3600000,
857,네트워크,5호선,아차산역,545-101,19.6,식음료,2021-09-06,2026-11-05,3182079,
858,개별(일반),5호선,아차산역,545-102,19.6,패션잡화,2024-05-07,2029-06-06,2637000,
859,개별(일반),5호선,아차산역,545-103,31.21,패션잡화,2020-12-31,2026-01-30,2930000,
860,네트워크,5호선,아차산역,545-201,48.37,패션잡화,2018-05-09,2025-07-07,3594115,
861,네트워크,5호선,아차산역,545-202,28.72,편의점,2023-09-22,2028-10-04,4660500,
862,개별(일반),5호선,아차산역,545-203,44.22,식음료,2018-12-28,2029-01-26,2975000,
863,네트워크,5호선,광나루역,546-101,53.26,패션잡화,2018-05-09,2025-07-07,3766731,
864,개별(일반),5호선,광나루역,546-201,62.2,식음료,2020-09-18,2025-10-18,3063600,
865,네트워크,5호선,광나루역,546-202,45,편의점,2023-09-22,2028-10-04,6922500,
866,개별(일반),5호선,광나루역,546-203,17.86,플라워,2018-10-23,2028-11-21,2221600,
867,복합,5호선,천호(5)역,547-101,210,패션잡화,2022-11-05,2027-11-04,28913500,
868,복합,5호선,천호(5)역,547-102,214.67,화장품,2022-11-05,2027-11-04,29064529,
869,복합,5호선,천호(5)역,547-103,142.68,패션잡화,2022-11-05,2027-11-04,19317683,
870,복합,5호선,천호(5)역,547-104,142.68,패션잡화,2022-11-05,2027-11-04,19317683,
871,복합,5호선,천호(5)역,547-105,120.19,패션잡화,2022-11-05,2027-11-04,16272724,
872,복합,5호선,천호(5)역,547-106,138.17,패션잡화,2022-11-05,2027-11-04,14806067,
873,복합,5호선,천호(5)역,547-107,,패션잡화,2022-11-05,2027-11-04,,
874,복합,5호선,천호(5)역,547-110,38.58,패션잡화,2022-11-05,2027-11-04,5138535,
875,복합,5호선,천호(5)역,547-111,30.65,패션잡화,2022-11-05,2027-11-04,4082325,
876,복합,5호선,천호(5)역,547-112,30.65,패션잡화,2022-11-05,2027-11-04,4082325,
877,복합,5호선,천호(5)역,547-113,23.54,화장품,2022-11-05,2027-11-04,3135332,
878,복합,5호선,천호(5)역,547-114,23.54,화장품,2022-11-05,2027-11-04,3135332,
879,복합,5호선,천호(5)역,547-115,23.54,화장품,2022-11-05,2027-11-04,3135332,
880,복합,5호선,천호(5)역,547-116,47.32,패션잡화,2022-11-05,2027-11-04,6567227,
881,복합,5호선,천호(5)역,547-117,34.15,식음료,2022-11-05,2027-11-04,4739451,
882,복합,5호선,천호(5)역,547-119,34.17,패션잡화,2022-11-05,2027-11-04,4742227,
883,복합,5호선,천호(5)역,547-121,66.6,의약업,2022-11-05,2027-11-04,7893765,
884,복합,5호선,천호(5)역,547-122,72.11,식음료,2022-11-05,2027-11-04,8546838,
885,복합,5호선,천호(5)역,547-123,22.41,식음료,2022-11-05,2027-11-04,2656145,
886,복합,5호선,천호(5)역,547-124,23.42,편의점,2022-11-05,2027-11-04,2775855,
887,복합,5호선,천호(5)역,547-125,19.59,식음료,2022-11-05,2027-11-04,2321905,
888,복합,5호선,천호(5)역,547-126,38.7,사무실,2022-11-05,2027-11-04,1309027,
889,복합,5호선,천호(5)역,547-127,23.92,기타,2022-11-05,2027-11-04,3185944,
890,복합,5호선,천호(5)역,547-128,47.55,패션잡화,2022-11-05,2027-11-04,6333264,
891,복합,5호선,천호(5)역,547-201,22.38,패션잡화,2022-11-05,2027-11-04,2069963,
892,복합,5호선,천호(5)역,547-202,56.22,패션잡화,2022-11-05,2027-11-04,5199881,
893,복합,5호선,천호(5)역,547-203,238.24,식음료,2022-11-05,2027-11-04,22035215,
894,개별(일반),5호선,강동역,548-101,15,식음료,2020-03-02,2025-04-01,2842500,
895,개별(일반),5호선,강동역,548-102,15,패션잡화,2019-12-20,2025-01-18,2638000,
896,네트워크,5호선,강동역,548-103,57.26,편의점,2023-09-22,2028-10-04,6532500,
897,개별(일반),5호선,강동역,548-104,24.44,패션잡화,2020-10-23,2025-11-22,1880000,
898,공실,5호선,강동역,548-302,31.58,,,,,2단계. 시설물 점검
899,임대진행,5호선,강동역,548-303,20.44,,,,,3단계. 감정평가
900,공실,5호선,강동역,548-304,96.47,,,,,1단계. 사업계획 수립중
901,공실,5호선,강동역,548-305,202.41,,,,,1단계. 사업계획 수립중
902,공실,5호선,강동역,548-306,16.4,,,,,1단계. 사업계획 수립중
903,네트워크,5호선,길동역,549-101,31.82,편의점,2023-09-22,2028-10-04,2281500,
904,네트워크,5호선,굽은다리역,550-101,30,편의점,2023-09-22,2028-10-04,3607500,
905,네트워크,5호선,굽은다리역,550-102,14.5,기타,2022-09-07,2028-02-04,196467,
906,네트워크,5호선,굽은다리역,550-103,34.43,식음료,2024-01-15,2029-03-25,1730736,
907,개별(일반),5호선,굽은다리역,550-104,34.43,패션잡화,2020-09-18,2025-10-18,2516600,
908,공실,5호선,굽은다리역,550-105,23,,,,,2단계. 시설물 점검
909,네트워크,5호선,명일역,551-101,30,편의점,2023-09-22,2028-10-04,3412500,
910,개별(일반),5호선,명일역,551-102,44.27,패션잡화,2018-10-23,2028-11-21,2373300,
911,개별(일반),5호선,명일역,551-103,25.05,무인프린트,2022-10-31,2027-11-30,894900,
912,네트워크,5호선,명일역,551-104,29.77,기타,2023-06-05,2028-08-14,1067719,
913,네트워크,5호선,고덕역,552-101,28.62,편의점,2023-09-22,2028-10-04,3354000,
914,개별(일반),5호선,고덕역,552-102,42.94,식음료,2022-12-15,2028-01-14,5555500,
915,네트워크,5호선,상일동역,553-101,31.46,편의점,2023-09-22,2028-10-04,3588000,
916,개별(일반),5호선,상일동역,553-103,17.92,식음료,2017-09-16,2024-10-15,1201900,
917,네트워크,5호선,둔촌동역,554-101,29,편의점,2023-09-22,2028-10-04,3295500,
918,개별(일반),5호선,둔촌동역,554-102,28.71,식음료,2023-05-19,2028-06-18,2273000,
919,개별(일반),5호선,둔촌동역,554-103,13.5,식음료,2019-12-21,2025-01-19,2065000,
920,네트워크,5호선,둔촌동역,554-104,31.17,식음료,2024-01-15,2029-03-25,2637312,
921,개별(일반),5호선,둔촌동역,554-105,49.53,패션잡화,2023-05-26,2028-06-25,3900000,
922,네트워크,5호선,올림픽공원역,555-201,37.2,편의점,2023-09-22,2028-10-04,2437500,
923,개별(일반),5호선,방이역,556-101,19.3,패션잡화,2022-04-28,2027-05-28,1030000,
924,네트워크,5호선,방이역,556-102,36.48,편의점,2023-09-22,2028-10-04,3978000,
925,네트워크,5호선,오금(5)역,557-101,27.38,편의점,2023-09-22,2028-10-04,2691000,
926,네트워크,5호선,개롱역,558-101,40,편의점,2023-09-22,2028-10-04,3490500,
927,네트워크,5호선,거여역,559-101,28.98,편의점,2023-09-22,2028-10-04,3159000,
928,네트워크,5호선,마천역,560-201,30,편의점,2023-09-22,2028-10-04,2944500,
929,공실,5호선,강일역,561-201,72.56,,,,,1단계. 사업계획 수립중
930,공실,5호선,강일역,561-202,91.96,,,,,1단계. 사업계획 수립중
931,네트워크,6호선,응암역,610-101,34.64,식음료,2021-09-06,2026-11-05,7940972,
932,네트워크,6호선,응암역,610-102,30,기타,2023-06-05,2028-08-14,2032373,
933,네트워크,6호선,응암역,610-103,50,식음료,2022-12-02,2028-04-01,3959838,
934,네트워크,6호선,응암역,610-104,31,화장품,2022-08-01,2027-12-29,2214894,
935,개별(일반),6호선,응암역,610-105,15,패션잡화,2022-10-25,2027-11-24,1562000,
936,네트워크,6호선,응암역,610-201,38.8,편의점,2022-02-03,2027-05-04,12005352,
937,네트워크,6호선,역촌역,611-101,31.5,편의점,2022-02-03,2027-05-04,2585123,
938,임대진행,6호선,역촌역,611-102,72,,,,,5단계. 입찰공고
939,임대진행,6호선,역촌역,611-103,37,,,,,5단계. 입찰공고
940,임대진행,6호선,역촌역,611-104,37,,,,,5단계. 입찰공고
941,개별(일반),6호선,불광(6)역,612-101,43,기타,2020-02-24,2025-02-24,495000,
942,임대진행,6호선,불광(6)역,612-103,47,,,,,4단계. 방침수립
943,네트워크,6호선,불광(6)역,612-202,30,편의점,2022-02-03,2027-05-04,898305,
944,네트워크,6호선,독바위역,613-101,31.3,편의점,2022-02-03,2027-05-04,1839752,
945,네트워크,6호선,연신내(6)역,614-101,44,편의점,2022-02-03,2027-05-04,8734634,
946,개별(일반),6호선,연신내(6)역,614-301,12,식음료,2020-02-24,2025-03-25,1386900,
947,공실,6호선,연신내(6)역,614-302,26.6,,,,,1단계. 사업계획 수립중
948,네트워크,6호선,구산역,615-101,33.2,편의점,2022-02-03,2027-05-04,5228359,
949,개별(일반),6호선,구산역,615-103,30,패션잡화,2024-05-02,2029-06-01,1700500,
950,네트워크,6호선,구산역,615-104,33,밀키트,2023-06-23,2028-09-01,898612,
951,공실,6호선,새절역,616-101,43.6,,,,,1단계. 사업계획 수립중
952,네트워크,6호선,새절역,616-102,25,편의점,2022-02-03,2027-05-04,6460036,
953,개별(일반),6호선,새절역,616-103,30.14,패션잡화,2021-03-18,2026-04-17,3780000,
954,개별(일반),6호선,새절역,616-104,26,패션잡화,2018-10-23,2028-11-21,3604600,
955,네트워크,6호선,증산역,617-101,28,편의점,2022-02-03,2027-05-04,5775771,
956,공실,6호선,증산역,617-102,31,,,,,1단계. 사업계획 수립중
957,네트워크,6호선,증산역,617-103,37,기타,2022-09-07,2028-02-04,1768200,
958,네트워크,6호선,증산역,617-104,29,화장품,2022-08-01,2027-12-29,1414221,
959,개별(일반),6호선,증산역,617-105,48,패션잡화,2024-05-24,2029-06-23,2650000,
960,개별(일반),6호선,디지털미디어시티역,618-003,95.86,의약업,2016-10-20,2027-01-18,3882000,
961,개별(대형),6호선,디지털미디어시티역,618-004,212.39,의약업,2016-10-21,2027-01-19,4970000,
962,네트워크,6호선,디지털미디어시티역,618-101,31.64,패션잡화,2023-07-17,2028-08-31,1805480,
963,네트워크,6호선,디지털미디어시티역,618-102,33,편의점,2022-02-03,2027-05-04,4574703,
964,개별(일반),6호선,디지털미디어시티역,618-103,30,패션잡화,2023-10-12,2028-11-11,1350000,
965,개별(일반),6호선,디지털미디어시티역,618-104,110,기타,2024-04-02,2029-05-17,3000000,
966,임대진행,6호선,디지털미디어시티역,618-106,70,,,,,3단계. 감정평가
967,공실,6호선,디지털미디어시티역,618-108,81,,,,,1단계. 사업계획 수립중
968,네트워크,6호선,디지털미디어시티역,618-109,33,화장품,2022-08-01,2027-12-29,1684136,
969,네트워크,6호선,월드컵경기장역,619-201,43,편의점,2022-02-03,2027-05-04,2765893,
970,네트워크,6호선,마포구청역,620-101,39,편의점,2022-02-03,2027-05-04,6487761,
971,임대진행,6호선,마포구청역,620-102,32.58,,,,,5단계. 입찰공고
972,개별(일반),6호선,마포구청역,620-104,73,사무실,2022-03-11,2027-04-10,508200,
973,개별(일반),6호선,마포구청역,620-201,40,패션잡화,2024-01-15,2029-02-14,1383300,
974,네트워크,6호선,마포구청역,620-202,51,화장품,2022-08-01,2027-12-29,1793009,
975,개별(일반),6호선,마포구청역,620-204,44,기타,2024-05-23,2029-06-22,757200,
976,네트워크,6호선,망원역,621-101,28,편의점,2022-02-03,2027-05-04,5682613,
977,개별(일반),6호선,망원역,621-102,45.17,패션잡화,2021-11-17,2026-12-17,2120000,
978,네트워크,6호선,망원역,621-103,29,화장품,2022-08-01,2027-12-29,1052443,
979,개별(일반),6호선,망원역,621-104,50,무인프린트,2023-06-19,2028-07-19,1333300,
980,네트워크,6호선,망원역,621-105,39,식음료,2023-02-27,2028-05-28,3545670,
981,개별(일반),6호선,합정(6)역,622-101,28.51,식음료,2021-03-15,2026-04-14,4033300,
982,공실,6호선,합정(6)역,622-102,37.67,,,,,1단계. 사업계획 수립중
983,네트워크,6호선,합정(6)역,622-103,45,편의점,2022-02-03,2027-05-04,14622415,
984,개별(일반),6호선,합정(6)역,622-106,58,플라워,2023-10-04,2028-11-03,7287800,
985,개별(일반),6호선,합정(6)역,622-107,42.41,기타,2024-02-08,2029-03-09,4510000,
986,복합,6호선,합정(6)역,622-108,50,의약업,2022-08-11,2028-01-08,3443200,
987,복합,6호선,합정(6)역,622-109,60,의약업,2022-08-11,2028-01-08,6045050,
988,복합,6호선,합정(6)역,622-117,75,의약업,2022-08-11,2028-01-08,5169950,
989,개별(일반),6호선,합정(6)역,622-301,11.7,패션잡화,2021-07-09,2026-08-08,4500000,
990,소송상가,6호선,합정(6)역,622-302,42.2,패션잡화,2017-02-22,2022-05-23,8057668.75,
991,개별(일반),6호선,합정(6)역,622-303,15.8,식음료,2022-04-28,2027-05-28,12570000,
992,개별(일반),6호선,합정(6)역,622-304,33.2,패션잡화,2023-10-04,2028-11-03,12315000,
993,소송상가,6호선,합정(6)역,622-305,90.4,패션잡화,2017-02-22,2022-05-23,14505110.82,
994,소송상가,6호선,합정(6)역,622-306,12.6,화장품,2017-02-22,2022-05-23,1986273.717,
995,네트워크,6호선,합정(6)역,622-307,22.54,플라워,2018-11-27,2029-01-25,3183550,
996,네트워크,6호선,합정(6)역,622-308,33.9,패션잡화,2022-12-16,2028-04-15,2942357,
997,네트워크,6호선,상수역,623-101,33,화장품,2023-08-09,2028-09-23,2599000,
998,공실,6호선,상수역,623-102,33,,,,,2단계. 시설물 점검
999,네트워크,6호선,상수역,623-201,35,편의점,2022-02-03,2027-05-04,7569055,
1000,네트워크,6호선,상수역,623-202,29,밀키트,2023-06-23,2028-09-01,919947,
1001,개별(일반),6호선,상수역,623-203,38,기타,2023-04-27,2028-05-27,2450000,
1002,개별(일반),6호선,상수역,623-204,41,플라워,2022-12-15,2028-01-14,2900000,
1003,네트워크,6호선,광흥창역,624-101,40,편의점,2022-02-03,2027-05-04,3992468,
1004,임대진행,6호선,광흥창역,624-102,25,,,,,5단계. 입찰공고
1005,공실,6호선,광흥창역,624-203,187,,,,,2단계. 시설물 점검
1006,네트워크,6호선,대흥역,625-101,45,편의점,2022-02-03,2027-05-04,7186443,
1007,개별(일반),6호선,대흥역,625-102,43.67,패션잡화,2019-11-19,2024-12-18,2870000,
1008,개별(일반),6호선,공덕(6)역,626-124,36,패션잡화,2023-03-27,2028-04-26,7821000,
1009,개별(일반),6호선,공덕(6)역,626-125,37,패션잡화,2020-02-24,2025-03-25,6671100,
1010,개별(일반),6호선,공덕(6)역,626-126,32,패션잡화,2024-06-21,2029-07-21,8549000,
1011,개별(일반),6호선,공덕(6)역,626-127,27,패션잡화,2022-06-09,2027-07-09,4120000,
1012,네트워크,6호선,공덕(6)역,626-128,24,화장품,2023-08-09,2028-09-23,7030000,
1013,네트워크,6호선,공덕(6)역,626-129,39.4,편의점,2022-02-03,2027-05-04,12977518,
1014,공실,6호선,공덕(6)역,626-130,30,,,,,1단계. 사업계획 수립중
1015,공실,6호선,공덕(6)역,626-131,22,,,,,2단계. 시설물 점검
1016,개별(일반),6호선,공덕(6)역,626-132,32,식음료,2020-07-16,2025-08-15,6880000,
1017,네트워크,6호선,공덕(6)역,626-133,48,식음료,2022-07-18,2027-10-16,6758939,
1018,개별(대형),6호선,공덕(6)역,626-135,165,식음료,2021-07-12,2026-07-12,23540000,
1019,개별(일반),6호선,공덕(6)역,626-136,112,패션잡화,2023-01-01,2023-12-31,10000000,
1020,공실,6호선,공덕(6)역,626-201,13.6,,,,,2단계. 시설물 점검
1021,네트워크,6호선,공덕(6)역,626-202,52,식음료,2022-12-02,2028-04-01,3299865,
1022,네트워크,6호선,효창공원앞역,627-101,43,편의점,2022-02-03,2027-05-04,6485543,
1023,개별(일반),6호선,효창공원앞역,627-102,33,패션잡화,2024-06-17,2029-07-17,1600000,
1024,공실,6호선,효창공원앞역,627-103,31,,,,,2단계. 시설물 점검
1025,공실,6호선,효창공원앞역,627-104,33,,,,,2단계. 시설물 점검
1026,네트워크,6호선,효창공원앞역,627-105,31,화장품,2022-08-01,2027-12-29,984397,
1027,공실,6호선,효창공원앞역,627-106,63,,,,,2단계. 시설물 점검
1028,개별(일반),6호선,삼각지(6)역,628-165,258.2,사무실,2020-06-26,2025-06-25,1882000,
1029,네트워크,6호선,삼각지(6)역,628-301,31.8,편의점,2022-02-03,2027-05-04,4937353,
1030,개별(일반),6호선,삼각지(6)역,628-307,46,식음료,2024-01-26,2029-02-25,1600000,
1031,공실,6호선,삼각지(6)역,628-308,40,,,,,1단계. 사업계획 수립중
1032,네트워크,6호선,녹사평역,629-101,40,편의점,2022-02-03,2027-05-04,6254867,
1033,네트워크,6호선,이태원역,630-101,25,편의점,2022-02-03,2027-05-04,8483995,
1034,네트워크,6호선,이태원역,630-103,34,화장품,2022-08-01,2027-12-29,3123307,
1035,네트워크,6호선,한강진역,631-101,40,편의점,2022-02-03,2027-05-04,6033063,
1036,공실,6호선,한강진역,631-102,64,,,,,2단계. 시설물 점검
1037,개별(일반),6호선,한강진역,631-104,62,식음료,2020-07-06,2025-08-05,2133300,
1038,네트워크,6호선,한강진역,631-105,64,화장품,2022-08-01,2027-12-29,1524228,
1039,네트워크,6호선,약수(6)역,633-203,77,편의점,2022-02-03,2027-05-04,7685502,
1040,네트워크,6호선,신당(6)역,635-101,40,편의점,2022-02-03,2027-05-04,5456374,
1041,개별(일반),6호선,신당(6)역,635-103,73,패션잡화,2023-09-25,2028-10-25,3616600,
1042,공실,6호선,신당(6)역,635-105,30,,,,,1단계. 사업계획 수립중
1043,네트워크,6호선,신당(6)역,635-106,26,무인프린트,2022-08-30,2028-01-27,651324,
1044,개별(일반),6호선,신당(6)역,635-201,34.1,기타,2022-12-15,2028-01-14,3234800,
1045,공실,6호선,신당(6)역,635-202,142.14,,,,,2단계. 시설물 점검
1046,개별(일반),6호선,신당(6)역,635-203,30,플라워,2020-01-10,2025-02-08,1985000,
1047,네트워크,6호선,동묘앞(6)역,636-201,48,편의점,2022-02-03,2027-05-04,5163592,
1048,임대진행,6호선,동묘앞(6)역,636-203,66,,,,,4단계. 방침수립
1049,공실,6호선,동묘앞(6)역,636-205,56,,,,,2단계. 시설물 점검
1050,네트워크,6호선,동묘앞(6)역,636-207,43,화장품,2022-08-01,2027-12-29,1267922,
1051,네트워크,6호선,창신역,637-101,28,편의점,2022-02-03,2027-05-04,1956310,
1052,개별(일반),6호선,보문역,638-102,14.1,식음료,2023-10-04,2028-11-03,1700000,
1053,네트워크,6호선,보문역,638-103,35,편의점,2022-02-03,2027-05-04,5162483,
1054,개별(일반),6호선,보문역,638-105,24,패션잡화,2022-12-15,2028-01-14,1500000,
1055,네트워크,6호선,보문역,638-106,36,화장품,2022-08-01,2027-12-29,979861,
1056,공실,6호선,안암역,639-103,31,,,,,1단계. 사업계획 수립중
1057,공실,6호선,안암역,639-104,31,,,,,1단계. 사업계획 수립중
1058,개별(일반),6호선,안암역,639-105,17,식음료,2023-01-25,2028-02-24,1850000,
1059,네트워크,6호선,안암역,639-201,42.2,편의점,2022-02-03,2027-05-04,10717338,
1060,네트워크,6호선,안암역,639-202,40.99,화장품,2022-08-01,2027-12-29,2417302,
1061,개별(일반),6호선,안암역,639-204,27,기타,2023-09-04,2028-10-04,1296600,
1062,네트워크,6호선,고려대역,640-101,35,편의점,2022-02-03,2027-05-04,7763133,
1063,네트워크,6호선,고려대역,640-102,38.4,플라워,2022-10-27,2028-02-24,1080094,
1064,네트워크,6호선,고려대역,640-103,125,화상면접,2022-09-06,2028-01-04,1660862,
1065,네트워크,6호선,월곡역,641-101,35,편의점,2022-02-03,2027-05-04,8190105,
1066,임대진행,6호선,월곡역,641-102,27,,,,,4단계. 방침수립
1067,공실,6호선,월곡역,641-103,30,,,,,1단계. 사업계획 수립중
1068,개별(일반),6호선,월곡역,641-201,31.83,식음료,2018-11-27,2028-12-26,1087000,
1069,개별(일반),6호선,월곡역,641-202,16,식음료,2023-04-28,2028-05-28,350000,
1070,네트워크,6호선,월곡역,641-203,58,화장품,2022-08-01,2027-12-29,1315554,
1071,네트워크,6호선,상월곡역,642-201,38.4,편의점,2022-02-03,2027-05-04,3108802,
1072,네트워크,6호선,돌곶이역,643-101,37.8,편의점,2022-02-03,2027-05-04,6371979,
1073,네트워크,6호선,돌곶이역,643-102,53,패션잡화,2022-12-16,2028-04-15,1681541,
1074,개별(일반),6호선,돌곶이역,643-103,30,식음료,2023-11-23,2028-12-23,1283300,
1075,개별(일반),6호선,돌곶이역,643-104,41,패션잡화,2020-07-24,2025-08-23,3270000,
1076,네트워크,6호선,돌곶이역,643-105,22,기타,2022-09-07,2028-02-04,982333,
1077,개별(일반),6호선,돌곶이역,643-106,15,식음료,2022-08-30,2027-09-29,700000,
1078,개별(일반),6호선,돌곶이역,643-107,37,패션잡화,2022-10-31,2027-11-30,719300,
1079,개별(일반),6호선,석계역,644-102,72,패션잡화,2022-10-31,2027-11-30,1710000,
1080,공실,6호선,석계역,644-103,17,,,,,2단계. 시설물 점검
1081,공실,6호선,석계역,644-104,17,,,,,2단계. 시설물 점검
1082,임대진행,6호선,석계역,644-107,29,,,,,5단계. 입찰공고
1083,공실,6호선,석계역,644-201,12.5,,,,,1단계. 사업계획 수립중
1084,네트워크,6호선,석계역,644-202,25.7,식음료,2021-09-06,2026-11-05,6595610,
1085,네트워크,6호선,석계역,644-205,58,편의점,2022-02-03,2027-05-04,11771128,
1086,임대진행,6호선,석계역,644-208,94,,,,,3단계. 감정평가
1087,개별(일반),6호선,석계역,644-211,33,기타,2024-08-07,2029-09-06,1500000,
1088,네트워크,6호선,석계역,644-212,33,기타,2022-09-07,2028-02-04,2554067,
1089,공실,6호선,태릉입구(6)역,645-101,22.97,,,,,1단계. 사업계획 수립중
1090,개별(일반),6호선,태릉입구(6)역,645-103,31.5,패션잡화,2019-10-29,2024-11-27,1290000,
1091,개별(일반),6호선,태릉입구(6)역,645-104,40,식음료,2019-11-12,2024-12-11,1680000,
1092,개별(일반),6호선,태릉입구(6)역,645-106,36,패션잡화,2021-01-15,2026-03-01,729000,
1093,네트워크,6호선,태릉입구(6)역,645-109,39,플라워,2022-10-27,2028-02-24,906588,
1094,네트워크,6호선,태릉입구(6)역,645-110,78,패션잡화,2022-10-11,2028-02-08,2368090,
1095,네트워크,6호선,태릉입구(6)역,645-112,38,패션잡화,2023-01-16,2028-05-16,1890402,
1096,개별(일반),6호선,태릉입구(6)역,645-113,33,기타,2020-07-23,2025-08-22,1483300,
1097,임대진행,6호선,태릉입구(6)역,645-114,97,,,,,5단계. 입찰공고
1098,임대진행,6호선,태릉입구(6)역,645-301,27.27,,,,,3단계. 감정평가
1099,개별(일반),6호선,태릉입구(6)역,645-302,118,패션잡화,2023-08-17,2028-10-01,16510300,
1100,네트워크,6호선,화랑대역,646-101,30,편의점,2022-02-03,2027-05-04,5423103,
1101,네트워크,6호선,화랑대역,646-102,34.6,밀키트,2023-06-23,2028-09-01,1003697,
1102,개별(일반),6호선,화랑대역,646-103,32,패션잡화,2019-08-24,2024-09-22,1130000,
1103,네트워크,6호선,화랑대역,646-104,80,화장품,2023-08-09,2028-09-23,3740000,
1104,개별(일반),6호선,화랑대역,646-106,28,식음료,2020-07-06,2025-08-05,4014800,
1105,네트워크,6호선,화랑대역,646-107,35,기타,2022-09-07,2028-02-04,785867,
1106,네트워크,6호선,봉화산역,647-101,47,편의점,2022-02-03,2027-05-04,5003894,
1107,임대진행,6호선,봉화산역,647-102,87,,,,,3단계. 감정평가
1108,임대진행,6호선,봉화산역,647-105,33,,,,,4단계. 방침수립
1109,개별(일반),6호선,봉화산역,647-107,27,기타,2020-07-06,2025-08-05,1130000,
1110,개별(일반),7호선,도봉산역,710-006,36,패션잡화,2022-11-14,2027-12-14,1310000,
1111,개별(일반),7호선,도봉산역,710-007,44,식음료,2020-07-24,2025-08-23,1110000,
1112,개별(일반),7호선,도봉산역,710-008,38,식음료,2020-07-02,2025-08-01,1083300,
1113,개별(대형),7호선,수락산역,711-102,47.43,사무실,2019-05-08,2024-10-11,163900,
1114,공실,7호선,수락산역,711-201,40.08,,,,,2단계. 시설물 점검
1115,네트워크,7호선,수락산역,711-202,37.88,편의점,2020-02-13,2025-04-12,8858850,
1116,개별(일반),7호선,수락산역,711-203,56.48,패션잡화,2019-10-29,2024-11-27,1670000,
1117,공실,7호선,수락산역,711-205,43,,,,,2단계. 시설물 점검
1118,공실,7호선,수락산역,711-206,44,,,,,2단계. 시설물 점검
1119,개별(일반),7호선,수락산역,711-207,58,기타,2020-07-02,2025-08-01,1767700,
1120,개별(일반),7호선,마들역,712-101,33,플라워,2020-05-29,2025-06-28,466600,
1121,개별(일반),7호선,마들역,712-102,33,패션잡화,2019-10-29,2024-11-27,500000,
1122,개별(일반),7호선,마들역,712-105,33,기타,2020-03-02,2025-05-01,2466000,
1123,개별(일반),7호선,마들역,712-106,33,기타,2020-03-02,2025-05-01,,
1124,개별(일반),7호선,마들역,712-107,33,기타,2020-03-02,2025-05-01,,
1125,네트워크,7호선,마들역,712-108,33,기타,2024-06-07,2029-08-16,514030,
1126,개별(일반),7호선,마들역,712-109,33,무인프린트,2023-07-19,2028-08-18,505000,
1127,네트워크,7호선,마들역,712-111,33.11,편의점,2020-02-13,2025-04-12,6137560,
1128,네트워크,7호선,마들역,712-113,230.7,공유오피스,2021-05-07,2026-11-03,2120183.167,
1129,개별(일반),7호선,마들역,712-114,33,기타,2020-03-02,2025-05-01,,
1130,개별(일반),7호선,마들역,712-115,33,기타,2020-03-02,2025-05-01,,
1131,개별(일반),7호선,마들역,712-116,45,기타,2020-03-02,2025-05-01,,
1132,개별(일반),7호선,마들역,712-117,35,기타,2020-03-02,2025-05-01,,
1133,개별(일반),7호선,마들역,712-118,35,기타,2020-03-02,2025-05-01,,
1134,개별(일반),7호선,마들역,712-119,36,기타,2020-03-02,2025-05-01,,
1135,개별(일반),7호선,마들역,712-120,31,기타,2020-03-02,2025-05-01,,
1136,개별(일반),7호선,마들역,712-202,45,식음료,2022-08-29,2027-09-28,1700000,
1137,개별(일반),7호선,마들역,712-203,45,패션잡화,2024-02-13,2029-03-14,1300000,
1138,개별(일반),7호선,마들역,712-204,20,패션잡화,2024-05-02,2029-06-01,1580000,
1139,복합,7호선,노원(7)역,713-101,36.4,식음료,2016-07-08,2026-11-06,1753992,
1140,복합,7호선,노원(7)역,713-102,29,패션잡화,2016-07-08,2026-11-06,1397411,
1141,복합,7호선,노원(7)역,713-103,29,패션잡화,2016-07-08,2026-11-06,1397411,
1142,복합,7호선,노원(7)역,713-104,25.5,기타,2016-07-08,2026-11-06,2340492,
1143,복합,7호선,노원(7)역,713-105,25.5,기타,2016-07-08,2026-11-06,,
1144,복합,7호선,노원(7)역,713-106,24,기타,2016-07-08,2026-11-06,1156478,
1145,복합,7호선,노원(7)역,713-107,28.3,패션잡화,2016-07-08,2026-11-06,1363681,
1146,복합,7호선,노원(7)역,713-108,32.5,식음료,2016-07-08,2026-11-06,1566065,
1147,복합,7호선,노원(7)역,713-109,33.6,패션잡화,2016-07-08,2026-11-06,1619070,
1148,복합,7호선,노원(7)역,713-110,33.6,패션잡화,2016-07-08,2026-11-06,1619070,
1149,복합,7호선,노원(7)역,713-111,33.6,패션잡화,2016-07-08,2026-11-06,1619070,
1150,복합,7호선,노원(7)역,713-112,33.6,패션잡화,2016-07-08,2026-11-06,1619070,
1151,복합,7호선,노원(7)역,713-113,33.6,패션잡화,2016-07-08,2026-11-06,1619070,
1152,복합,7호선,노원(7)역,713-114,41,플라워,2016-07-08,2026-11-06,1975651,
1153,복합,7호선,노원(7)역,713-115,18,패션잡화,2016-07-08,2026-11-06,2065160,
1154,네트워크,7호선,노원(7)역,713-116,55.15,편의점,2020-02-13,2025-04-12,19781190,
1155,복합,7호선,노원(7)역,713-117,45,패션잡화,2016-07-08,2026-11-06,2323283,
1156,복합,7호선,노원(7)역,713-118,33,패션잡화,2016-07-08,2026-11-06,1703740,
1157,개별(일반),7호선,노원(7)역,713-120,17,기타,2020-07-02,2025-08-01,2560000,
1158,개별(일반),7호선,노원(7)역,713-121,24,패션잡화,2020-06-29,2025-07-29,2510000,
1159,개별(일반),7호선,노원(7)역,713-202,40,패션잡화,2024-01-26,2029-02-25,1795200,
1160,임대진행,7호선,노원(7)역,713-203,37,,,,,3단계. 감정평가
1161,개별(일반),7호선,노원(7)역,713-255,52,사무실,2020-02-01,2025-01-31,599400,
1162,네트워크,7호선,중계역,714-101,47.6,기타,2022-09-07,2028-02-04,1222400,
1163,개별(대형),7호선,중계역,714-102,105.6,식음료,2019-08-24,2024-09-22,4560000,
1164,네트워크,7호선,중계역,714-201,32.91,편의점,2020-02-13,2025-04-12,8936070,
1165,개별(일반),7호선,중계역,714-204,34,패션잡화,2022-11-14,2027-12-14,1740000,
1166,네트워크,7호선,중계역,714-205,41,화장품,2022-08-01,2027-12-29,929961,
1167,개별(일반),7호선,중계역,714-207,50,패션잡화,2024-05-03,2029-06-02,2780400,
1168,개별(일반),7호선,하계역,715-101,55.01,식음료,2019-12-18,2024-12-17,7260000,
1169,네트워크,7호선,하계역,715-102,40.8,편의점,2020-02-13,2025-04-12,14478750,
1170,개별(일반),7호선,하계역,715-103,36.57,기타,2019-10-08,2024-11-06,4310000,
1171,개별(일반),7호선,하계역,715-104,65,패션잡화,2023-07-24,2028-08-23,1485500,
1172,네트워크,7호선,하계역,715-106,32,무인프린트,2022-08-30,2028-01-27,906839,
1173,개별(일반),7호선,하계역,715-107,32,기타,2023-10-17,2028-11-16,1016600,
1174,개별(일반),7호선,하계역,715-108,26,패션잡화,2020-07-01,2025-07-31,2250000,
1175,개별(일반),7호선,하계역,715-109,70,패션잡화,2020-06-30,2025-07-30,4770000,
1176,네트워크,7호선,하계역,715-111,33,화장품,2022-08-01,2027-12-29,898206,
1177,네트워크,7호선,공릉역,716-101,29.88,패션잡화,2023-07-17,2028-08-31,1671013,
1178,네트워크,7호선,공릉역,716-102,28.91,편의점,2020-02-13,2025-04-12,7699120,
1179,개별(일반),7호선,공릉역,716-103,29.42,패션잡화,2019-10-05,2024-11-03,3230000,
1180,개별(일반),7호선,공릉역,716-104,30,패션잡화,2020-07-01,2025-07-31,2300000,
1181,개별(일반),7호선,공릉역,716-105,50,식음료,2020-07-01,2025-07-31,3600000,
1182,네트워크,7호선,공릉역,716-106,40,기타,2023-06-05,2028-08-14,2079853,
1183,네트워크,7호선,태릉입구(7)역,717-102,37.14,편의점,2020-02-13,2025-04-12,9603880,
1184,공실,7호선,태릉입구(7)역,717-103,33,,,,,1단계. 사업계획 수립중
1185,네트워크,7호선,태릉입구(7)역,717-105,31,무인프린트,2022-08-30,2028-01-27,718035,
1186,공실,7호선,태릉입구(7)역,717-112,33,,,,,2단계. 시설물 점검
1187,네트워크,7호선,태릉입구(7)역,717-304,50,화장품,2022-08-01,2027-12-29,1020689,
1188,네트워크,7호선,태릉입구(7)역,717-305,40,패션잡화,2022-10-11,2028-02-08,1150489,
1189,개별(일반),7호선,태릉입구(7)역,717-307,45,패션잡화,2020-07-23,2025-08-22,2033300,
1190,개별(일반),7호선,먹골역,718-101,48,패션잡화,2022-11-14,2027-12-14,1420000,
1191,네트워크,7호선,먹골역,718-109,34,무인프린트,2022-08-30,2028-01-27,814212,
1192,네트워크,7호선,먹골역,718-201,24.38,편의점,2020-02-13,2025-04-12,6181890,
1193,개별(일반),7호선,먹골역,718-202,58,패션잡화,2023-05-25,2028-06-24,1224400,
1194,개별(일반),7호선,먹골역,718-203,57,패션잡화,2023-05-25,2028-06-24,1225300,
1195,개별(일반),7호선,먹골역,718-205,35,패션잡화,2022-11-14,2027-12-14,1260000,
1196,개별(일반),7호선,먹골역,718-206,35,기타,2022-11-14,2027-12-14,1200000,
1197,네트워크,7호선,중화역,719-101,29.7,편의점,2020-02-13,2025-04-12,7671950,
1198,개별(일반),7호선,중화역,719-102,39.02,식음료,2023-06-19,2028-07-19,2020000,
1199,복합,7호선,중화역,719-103,28.43,기타,2022-06-19,2027-06-18,1188000,
1200,복합,7호선,중화역,719-104,39.57,패션잡화,2022-06-19,2027-06-18,1610400,
1201,복합,7호선,중화역,719-105,37.38,식음료,2022-06-19,2027-06-18,1521300,
1202,복합,7호선,중화역,719-106,95.23,패션잡화,2022-06-19,2027-06-18,3560700,
1203,개별(일반),7호선,중화역,719-109,30,패션잡화,2020-04-17,2025-05-17,2789300,
1204,개별(일반),7호선,중화역,719-112,44,패션잡화,2024-05-02,2029-06-01,1620000,
1205,임대진행,7호선,중화역,719-113,50,,,,,3단계. 감정평가
1206,네트워크,7호선,중화역,719-114,18,무인프린트,2022-08-30,2028-01-27,855144,
1207,개별(일반),7호선,중화역,719-115,45,패션잡화,2023-03-13,2028-04-12,1350000,
1208,개별(일반),7호선,중화역,719-202,70,패션잡화,2024-06-24,2029-07-24,1250000,
1209,개별(일반),7호선,중화역,719-203,50,패션잡화,2024-04-08,2029-05-08,1700000,
1210,네트워크,7호선,상봉역,720-102,60,패션잡화,2022-10-11,2028-02-08,3451467,
1211,개별(일반),7호선,상봉역,720-201,43.09,패션잡화,2018-09-28,2028-11-26,4396800,
1212,네트워크,7호선,상봉역,720-202,45.48,편의점,2020-02-13,2025-04-12,13788060,
1213,네트워크,7호선,상봉역,720-203,74,플라워,2022-10-21,2028-02-18,3055501,
1214,임대진행,7호선,상봉역,720-204,53,,,,,4단계. 방침수립
1215,개별(일반),7호선,상봉역,720-205,52,패션잡화,2023-06-27,2028-07-27,1298000,
1216,임대진행,7호선,상봉역,720-206,78,,,,,5단계. 입찰공고
1217,네트워크,7호선,면목역,721-101,29,패션잡화,2018-05-09,2025-07-07,2154831,
1218,네트워크,7호선,면목역,721-102,36.08,편의점,2020-02-13,2025-04-12,10569130,
1219,개별(일반),7호선,면목역,721-103,32,식음료,2020-06-08,2025-07-08,4500000,
1220,개별(일반),7호선,면목역,721-104,16.8,패션잡화,2019-09-20,2024-10-19,1850000,
1221,개별(일반),7호선,면목역,721-105,24,무인프린트,2024-05-17,2029-06-16,1093300,
1222,임대진행,7호선,면목역,721-106,78,,,,,5단계. 입찰공고
1223,복합,7호선,면목역,721-108,52,의약업,2023-05-30,2028-09-27,2948400,
1224,복합,7호선,면목역,721-109,160,의약업,2023-05-30,2028-09-27,6354800,
1225,임대진행,7호선,면목역,721-111,45,,,,,3단계. 감정평가
1226,개별(일반),7호선,면목역,721-301,64,밀키트,2019-08-24,2024-09-22,4500300,
1227,복합,7호선,면목역,721-302,45.56,패션잡화,2022-06-19,2027-06-18,2154900,
1228,복합,7호선,면목역,721-303,55.05,패션잡화,2022-06-19,2027-06-18,2543200,
1229,복합,7호선,면목역,721-304,16.93,패션잡화,2022-06-19,2027-06-18,837100,
1230,복합,7호선,면목역,721-305,16.68,패션잡화,2022-06-19,2027-06-18,825000,
1231,임대진행,7호선,사가정역,722-102,58,,,,,5단계. 입찰공고
1232,임대진행,7호선,사가정역,722-103,112,,,,,5단계. 입찰공고
1233,임대진행,7호선,사가정역,722-104,46,,,,,5단계. 입찰공고
1234,개별(일반),7호선,사가정역,722-301,21.9,사무실,2019-05-21,2029-06-19,245100,
1235,네트워크,7호선,사가정역,722-302,32.21,편의점,2020-02-13,2025-04-12,11204050,
1236,복합,7호선,사가정역,722-303,26.03,기타,2022-06-19,2027-06-18,1259500,
1237,복합,7호선,사가정역,722-304,25.64,패션잡화,2022-06-19,2027-06-18,1240800,
1238,복합,7호선,사가정역,722-305,106.54,패션잡화,2022-06-19,2027-06-18,4452800,
1239,복합,7호선,사가정역,722-306,41.82,패션잡화,2022-06-19,2027-06-18,1977800,
1240,복합,7호선,사가정역,722-307,35.13,플라워,2022-06-19,2027-06-18,1699500,
1241,네트워크,7호선,사가정역,722-309,93,식음료,2022-07-18,2027-10-16,9090023,
1242,네트워크,7호선,용마산역,723-101,28.8,편의점,2020-02-13,2025-04-12,5070780,
1243,임대진행,7호선,용마산역,723-105,66,,,,,3단계. 감정평가
1244,임대진행,7호선,용마산역,723-106,36,,,,,3단계. 감정평가
1245,임대진행,7호선,용마산역,723-107,35,,,,,3단계. 감정평가
1246,개별(일반),7호선,용마산역,723-301,55,기타,,,,
1247,네트워크,7호선,용마산역,723-302,55,화장품,2022-08-01,2027-12-29,1309883,
1248,공실,7호선,용마산역,723-303,58,,,,,2단계. 시설물 점검
1249,네트워크,7호선,중곡역,724-101,35.16,편의점,2020-02-13,2025-04-12,5995990,
1250,개별(일반),7호선,중곡역,724-201,46.99,패션잡화,2020-10-23,2025-11-22,2500300,
1251,네트워크,7호선,중곡역,724-202,46,밀키트,2023-06-23,2028-09-01,1467835,
1252,네트워크,7호선,군자(7)역,725-101,54.82,편의점,2020-02-13,2025-04-12,14890590,
1253,개별(일반),7호선,군자(7)역,725-102,43,패션잡화,2021-11-25,2026-12-25,3180000,
1254,임대진행,7호선,군자(7)역,725-104,50,,,,,5단계. 입찰공고
1255,공실,7호선,군자(7)역,725-105,55,,,,,2단계. 시설물 점검
1256,임대진행,7호선,군자(7)역,725-301,33.9,,,,,3단계. 감정평가
1257,네트워크,7호선,군자(7)역,725-302,86.95,패션잡화,2018-05-09,2025-07-07,3230396,
1258,네트워크,7호선,군자(7)역,725-303,32.7,식음료,2022-12-02,2028-04-01,4179829,
1259,네트워크,7호선,군자(7)역,725-304,20,식음료,2021-02-25,2026-04-26,4336640,
1260,네트워크,7호선,군자(7)역,725-305,24.24,패션잡화,2022-10-11,2028-02-08,4724994,
1261,개별(일반),7호선,군자(7)역,725-306,23.5,기타,,,,
1262,네트워크,7호선,군자(7)역,725-309,31,플라워,2022-10-27,2028-02-24,4575943,
1263,네트워크,7호선,군자(7)역,725-310,27,패션잡화,2022-10-11,2028-02-08,6644073,
1264,네트워크,7호선,어린이대공원역,726-101,35.6,편의점,2020-02-13,2025-04-12,12632620,
1265,공실,7호선,어린이대공원역,726-102,18.48,,,,,2단계. 시설물 점검
1266,공실,7호선,어린이대공원역,726-103,34.61,,,,,2단계. 시설물 점검
1267,공실,7호선,어린이대공원역,726-104,70,,,,,1단계. 사업계획 수립중
1268,공실,7호선,어린이대공원역,726-105,60,,,,,2단계. 시설물 점검
1269,공실,7호선,어린이대공원역,726-201,37,,,,,2단계. 시설물 점검
1270,공실,7호선,어린이대공원역,726-202,37,,,,,2단계. 시설물 점검
1271,공실,7호선,어린이대공원역,726-203,56,,,,,2단계. 시설물 점검
1272,공실,7호선,어린이대공원역,726-204,46,,,,,2단계. 시설물 점검
1273,임대진행,7호선,어린이대공원역,726-205,30,,,,,3단계. 감정평가
1274,임대진행,7호선,어린이대공원역,726-206,22,,,,,3단계. 감정평가
1275,개별(대형),7호선,건대입구(7)역,727-101,867.64,기타,2020-09-15,2025-09-14,18989000,
1276,개별(일반),7호선,건대입구(7)역,727-201,76,의약업,2020-01-09,2025-02-07,25650000,
1277,네트워크,7호선,건대입구(7)역,727-202,37.36,편의점,2020-02-13,2025-04-12,13409110,
1278,개별(일반),7호선,건대입구(7)역,727-204,75,의약업,2023-03-29,2028-04-28,16100000,
1279,임대진행,7호선,건대입구(7)역,727-205,58.21,,,,,3단계. 감정평가
1280,네트워크,7호선,건대입구(7)역,727-301,26,플라워,2022-10-21,2028-02-18,2058651,
1281,네트워크,7호선,건대입구(7)역,727-302,32,식음료,2022-12-02,2028-04-01,2419901,
1282,네트워크,7호선,뚝섬유원지역,728-001,29.89,편의점,2020-02-13,2025-04-12,5262400,
1283,임대진행,7호선,청담역,729-103,33,,,,,5단계. 입찰공고
1284,임대진행,7호선,청담역,729-104,81,,,,,5단계. 입찰공고
1285,공실,7호선,청담역,729-301,69.7,,,,,1단계. 사업계획 수립중
1286,공실,7호선,청담역,729-302,23.4,,,,,2단계. 시설물 점검
1287,공실,7호선,청담역,729-303,97.44,,,,,2단계. 시설물 점검
1288,네트워크,7호선,청담역,729-306,65.36,식음료,2021-02-25,2026-04-26,3417040,
1289,개별(일반),7호선,청담역,729-307,37.11,패션잡화,2021-03-18,2026-04-17,1500200,
1290,네트워크,7호선,청담역,729-308,52.34,편의점,2020-02-13,2025-04-12,16639480,
1291,개별(일반),7호선,청담역,729-326,35.2,기타,2019-08-24,2024-09-22,1301600,
1292,공실,7호선,청담역,729-327,101.37,,,,,2단계. 시설물 점검
1293,임대진행,7호선,청담역,729-331,25,,,,,5단계. 입찰공고
1294,네트워크,7호선,청담역,729-333,55,화장품,2022-08-01,2027-12-29,3305896,
1295,네트워크,7호선,청담역,729-334,35,플라워,2022-10-21,2028-02-18,1775339,
1296,네트워크,7호선,청담역,729-335,43,화장품,2022-08-01,2027-12-29,1999415,
1297,개별(대형),7호선,청담역,729-340,178,패션잡화,2023-12-21,2029-02-04,4880000,
1298,네트워크,7호선,강남구청역,730-101,63.8,편의점,2020-02-13,2025-04-12,16140410,
1299,개별(대형),7호선,강남구청역,730-102,355.7,의약업,2019-04-22,2026-09-23,4901000,
1300,복합,7호선,강남구청역,730-103,472,기타,2021-06-14,2026-09-12,16671500,
1301,복합,7호선,강남구청역,730-104,,기타,2021-06-14,2026-09-12,,
1302,복합,7호선,강남구청역,730-105,,기타,2021-06-14,2026-09-12,,
1303,복합,7호선,강남구청역,730-106,,기타,2021-06-14,2026-09-12,,
1304,복합,7호선,강남구청역,730-107,,기타,2021-06-14,2026-09-12,,
1305,복합,7호선,강남구청역,730-108,,기타,2021-06-14,2026-09-12,,
1306,복합,7호선,강남구청역,730-109,,기타,2021-06-14,2026-09-12,,
1307,복합,7호선,강남구청역,730-110,,기타,2021-06-14,2026-09-12,,
1308,개별(일반),7호선,강남구청역,730-111,22,의약업,2019-04-19,2026-01-13,3010000,
1309,네트워크,7호선,강남구청역,730-202,57,패션잡화,2023-07-17,2028-08-31,4053754,
1310,개별(일반),7호선,강남구청역,730-204,9.2,패션잡화,2024-04-29,2029-05-29,1200000,
1311,개별(일반),7호선,강남구청역,730-205,28,패션잡화,2019-10-24,2024-11-22,2000000,
1312,네트워크,7호선,강남구청역,730-206,55,플라워,2022-10-27,2028-02-24,2288553,
1313,개별(일반),7호선,강남구청역,730-207,30,패션잡화,2023-03-03,2028-04-02,2425600,
1314,개별(일반),7호선,강남구청역,730-210,41,패션잡화,2024-05-16,2029-06-15,3000000,
1315,네트워크,7호선,강남구청역,730-211,41,패션잡화,2022-12-16,2028-04-15,1677122,
1316,임대진행,7호선,학동역,731-102,16,,,,,5단계. 입찰공고
1317,네트워크,7호선,학동역,731-201,55.45,편의점,2020-02-13,2025-04-12,15504060,
1318,개별(일반),7호선,학동역,731-202,16.4,플라워,2024-05-02,2029-06-01,3000000,
1319,개별(일반),7호선,학동역,731-203,17.54,식음료,2019-12-21,2025-01-19,4680000,
1320,개별(일반),7호선,학동역,731-205,31.39,패션잡화,2020-02-24,2025-03-25,2683000,
1321,네트워크,7호선,학동역,731-206,29.44,기타,2024-06-07,2029-08-16,1982690,
1322,네트워크,7호선,학동역,731-208,58,패션잡화,2023-07-17,2028-08-31,3599152,
1323,개별(일반),7호선,학동역,731-209,68.55,식음료,2022-07-08,2027-08-07,3800000,
1324,복합,7호선,학동역,731-210,51,의약업,2023-05-30,2028-09-27,3749900,
1325,공실,7호선,학동역,731-211,25,,,,,2단계. 시설물 점검
1326,네트워크,7호선,학동역,731-212,44,식음료,2022-07-18,2027-10-16,7619428,
1327,복합,7호선,학동역,731-213,145,의약업,2023-05-30,2028-09-27,7385300,
1328,개별(일반),7호선,논현역,732-102,63.44,식음료,2019-12-10,2025-01-08,5606500,
1329,개별(일반),7호선,논현역,732-103,37.8,패션잡화,2022-04-28,2027-05-28,2910000,
1330,네트워크,7호선,논현역,732-104,44.65,편의점,2020-02-13,2025-04-12,13317590,
1331,임대진행,7호선,논현역,732-107,35,,,,,3단계. 감정평가
1332,개별(일반),7호선,논현역,732-108,29,패션잡화,2024-08-19,2029-09-18,2166600,
1333,네트워크,7호선,논현역,732-201,29.92,식음료,2021-09-06,2026-11-05,3906413,
1334,개별(일반),7호선,논현역,732-202,30,패션잡화,2023-08-28,2028-08-27,5720000,
1335,네트워크,7호선,논현역,732-203,23,화장품,2020-12-23,2026-03-23,2077017,
1336,개별(일반),7호선,논현역,732-207,50,패션잡화,2023-10-26,2028-11-25,2416600,
1337,복합,7호선,논현역,732-208,50,의약업,2023-05-30,2028-09-27,3864400,
1338,개별(일반),7호선,논현역,732-209,33,식음료,2024-02-23,2029-03-24,3401200,
1339,개별(일반),7호선,논현역,732-210,25,기타,2024-02-13,2029-03-14,2100000,
1340,복합,7호선,논현역,732-212,110,의약업,2023-05-30,2028-09-27,6339500,
1341,개별(일반),7호선,논현역,732-213,57.7,패션잡화,2024-01-12,2029-02-11,6350000,
1342,복합,7호선,반포역,733-102,277.14,기타,2023-03-02,2028-03-01,6005626,
1343,복합,7호선,반포역,733-103,75.48,기타,2023-03-02,2028-03-01,2100604,
1344,복합,7호선,반포역,733-111,1260.58,기타,2023-03-02,2028-03-01,7765170,
1345,복합,7호선,반포역,733-112,,기타,2023-03-02,2028-03-01,,
1346,복합,7호선,반포역,733-113,,식음료,2023-03-02,2028-03-01,,
1347,복합,7호선,반포역,733-114,,사무실,2023-03-02,2028-03-01,,
1348,복합,7호선,반포역,733-115,,기타,2023-03-02,2028-03-01,,
1349,개별(일반),7호선,반포역,733-138,40,패션잡화,2020-06-04,2025-07-04,2700000,
1350,네트워크,7호선,반포역,733-154,40.36,편의점,2020-02-13,2025-04-12,7854990,
1351,개별(일반),7호선,반포역,733-156,30,패션잡화,2023-09-04,2028-10-04,1541600,
1352,개별(일반),7호선,반포역,733-201,43,기타,2023-09-20,2028-10-20,1176800,
1353,개별(일반),7호선,반포역,733-202,42,기타,2023-09-20,2028-10-20,1280500,
1354,개별(일반),7호선,고속터미널(7)역,734-101,556,기타,2021-01-05,2026-04-05,6666600,
1355,네트워크,7호선,고속터미널(7)역,734-140,95,플라워,2022-10-27,2028-02-24,3235240,
1356,개별(일반),7호선,고속터미널(7)역,734-201,44,기타,2019-06-25,2029-08-13,3169300,
1357,복합,7호선,고속터미널(7)역,734-202,123.69,패션잡화,2023-04-10,2028-07-19,25890480,
1358,복합,7호선,고속터미널(7)역,734-203,,패션잡화,2023-04-10,2028-07-19,,
1359,복합,7호선,고속터미널(7)역,734-204,,패션잡화,2023-04-10,2028-07-19,,
1360,복합,7호선,고속터미널(7)역,734-205,44.31,식음료,2023-04-10,2028-07-19,8910360,
1361,복합,7호선,고속터미널(7)역,734-206,62.77,식음료,2023-04-10,2028-07-19,12272760,
1362,복합,7호선,고속터미널(7)역,734-207,,식음료,2023-04-10,2028-07-19,,
1363,복합,7호선,고속터미널(7)역,734-208,,식음료,2023-04-10,2028-07-19,,
1364,개별(일반),7호선,고속터미널(7)역,734-209,266.9,기타,2022-08-12,2027-08-31,3521500,
1365,복합,7호선,고속터미널(7)역,734-210,231.28,패션잡화,2023-04-10,2028-07-19,36145800,
1366,복합,7호선,고속터미널(7)역,734-211,,기타,2023-04-10,2028-07-19,,
1367,복합,7호선,고속터미널(7)역,734-212,,기타,2023-04-10,2028-07-19,,
1368,복합,7호선,고속터미널(7)역,734-213,,패션잡화,2023-04-10,2028-07-19,,
1369,복합,7호선,고속터미널(7)역,734-214,376.56,패션잡화,2023-04-10,2028-07-19,84900600,
1370,네트워크,7호선,고속터미널(7)역,734-215,60.27,편의점,2020-02-13,2025-04-12,23453430,
1371,네트워크,7호선,고속터미널(7)역,734-216,71.53,식음료,2021-09-06,2026-11-05,7914283,
1372,개별(일반),7호선,내방역,735-101,45,패션잡화,2022-08-26,2027-09-25,3850000,
1373,네트워크,7호선,내방역,735-103,62.21,편의점,2020-02-13,2025-04-12,15240940,
1374,개별(일반),7호선,내방역,735-201,30.78,패션잡화,2022-06-09,2027-07-09,2179000,
1375,네트워크,7호선,내방역,735-202,34,밀키트,2023-06-23,2028-09-01,1259909,
1376,네트워크,7호선,내방역,735-203,28,화장품,2022-08-01,2027-12-29,1619492,
1377,네트워크,7호선,내방역,735-204,28,식음료,2022-07-18,2027-10-16,3967708,
1378,개별(대형),7호선,이수(7)역,736-101,592,기타,2018-12-20,2029-04-18,11450200,
1379,개별(일반),7호선,이수(7)역,736-102,48,사무실,2023-07-24,2028-08-23,650000,
1380,네트워크,7호선,이수(7)역,736-103,51,기타,2024-06-07,2029-08-16,1395230,
1381,임대진행,7호선,이수(7)역,736-104,51,,,,,5단계. 입찰공고
1382,공실,7호선,이수(7)역,736-112,74,,,,,2단계. 시설물 점검
1383,네트워크,7호선,이수(7)역,736-301,62.03,패션잡화,2022-12-16,2028-04-15,6522657,
1384,공실,7호선,이수(7)역,736-303,129.35,,,,,2단계. 시설물 점검
1385,네트워크,7호선,이수(7)역,736-307,54.05,편의점,2020-02-13,2025-04-12,14677520,
1386,개별(일반),7호선,이수(7)역,736-308,9.84,패션잡화,2020-03-02,2025-04-01,2250000,
1387,네트워크,7호선,이수(7)역,736-310,27.22,식음료,2021-02-25,2026-04-26,4532176,
1388,개별(일반),7호선,이수(7)역,736-311,74.41,패션잡화,2024-01-26,2029-02-25,5183300,
1389,네트워크,7호선,이수(7)역,736-313,22.5,플라워,2018-11-27,2029-01-25,2039400,
1390,개별(일반),7호선,이수(7)역,736-316,35,패션잡화,2024-06-27,2029-07-27,2520000,
1391,임대진행,7호선,이수(7)역,736-317,25,,,,,5단계. 입찰공고
1392,네트워크,7호선,남성역,737-101,45.25,편의점,2020-02-13,2025-04-12,9788350,
1393,네트워크,7호선,남성역,737-204,65,식음료,2023-02-27,2028-05-28,7166003,
1394,네트워크,7호선,숭실대입구역,738-101,39.29,편의점,2020-02-13,2025-04-12,9835540,
1395,네트워크,7호선,숭실대입구역,738-102,22.02,식음료,2021-09-06,2026-11-05,3552070,
1396,네트워크,7호선,숭실대입구역,738-201,37,패션잡화,2023-07-17,2028-08-31,2126327,
1397,네트워크,7호선,숭실대입구역,738-202,35.7,화장품,2022-08-01,2027-12-29,1781442,
1398,개별(일반),7호선,숭실대입구역,738-203,42,기타,2018-11-20,2028-12-19,1365000,
1399,네트워크,7호선,숭실대입구역,738-204,28,기타,2023-06-05,2028-08-14,1331754,
1400,공실,7호선,숭실대입구역,738-213,30,,,,,2단계. 시설물 점검
1401,네트워크,7호선,상도역,739-101,112.57,편의점,2020-02-13,2025-04-12,21907600,
1402,네트워크,7호선,상도역,739-201,59.2,화장품,2023-08-09,2028-09-23,2814300,
1403,네트워크,7호선,상도역,739-202,50,패션잡화,2022-12-16,2028-04-15,2266228,
1404,네트워크,7호선,상도역,739-204,26,식음료,2023-02-27,2028-05-28,3015091,
1405,네트워크,7호선,장승배기역,740-101,36.18,편의점,2020-02-13,2025-04-12,8185320,
1406,개별(일반),7호선,장승배기역,740-201,35.52,패션잡화,2019-06-25,2024-07-24,2710000,
1407,네트워크,7호선,신대방삼거리역,741-101,51.49,편의점,2020-02-13,2025-04-12,13025870,
1408,개별(일반),7호선,신대방삼거리역,741-102,55,패션잡화,2022-09-01,2027-10-01,2801000,
1409,네트워크,7호선,신대방삼거리역,741-201,25.06,패션잡화,2023-07-17,2028-08-31,1471298,
1410,개별(일반),7호선,신대방삼거리역,741-202,34,패션잡화,2024-02-13,2029-03-14,3220000,
1411,개별(일반),7호선,신대방삼거리역,741-203,61,패션잡화,2024-03-04,2029-04-03,2710000,
1412,임대진행,7호선,신대방삼거리역,741-206,49,,,,,5단계. 입찰공고
1413,개별(일반),7호선,신대방삼거리역,741-207,27,무인프린트,2022-10-31,2027-11-30,1139500,
1414,네트워크,7호선,신대방삼거리역,741-208,42,화장품,2022-08-01,2027-12-29,1762389,
1415,네트워크,7호선,신대방삼거리역,741-209,42,밀키트,2022-06-20,2027-08-19,1771200,
1416,네트워크,7호선,신대방삼거리역,741-210,42,기타,2022-09-07,2028-02-04,1768200,
1417,네트워크,7호선,보라매역,742-103,27.58,편의점,2020-02-13,2025-04-12,6309160,
1418,네트워크,7호선,보라매역,742-105,38,식음료,2022-07-18,2027-10-16,3799002,
1419,네트워크,7호선,보라매역,742-106,39,화장품,2022-08-01,2027-12-29,1857653,
1420,개별(일반),7호선,보라매역,742-107,32,패션잡화,2023-09-18,2028-10-18,2750000,
1421,개별(일반),7호선,신풍역,743-103,30,패션잡화,2019-12-17,2025-01-15,2020000,
1422,네트워크,7호선,신풍역,743-104,32.82,편의점,2020-02-13,2025-04-12,8322600,
1423,공실,7호선,신풍역,743-106,47,,,,,2단계. 시설물 점검
1424,임대진행,7호선,신풍역,743-108,40,,,,,3단계. 감정평가
1425,임대진행,7호선,신풍역,743-109,45,,,,,3단계. 감정평가
1426,임대진행,7호선,신풍역,743-110,45,,,,,3단계. 감정평가
1427,임대진행,7호선,신풍역,743-111,30,,,,,3단계. 감정평가
1428,네트워크,7호선,신풍역,743-112,30,기타,2024-06-07,2029-08-16,807760,
1429,복합,7호선,대림(7)역,744-001,41.1,패션잡화,2017-05-22,2027-09-19,18124700,
1430,네트워크,7호선,대림(7)역,744-002,21.05,화장품,2020-12-23,2026-03-23,3920862.036,
1431,개별(일반),7호선,대림(7)역,744-003,22,패션잡화,2023-06-19,2028-07-19,6740000,
1432,공실,7호선,대림(7)역,744-004,22,,,,,2단계. 시설물 점검
1433,네트워크,7호선,대림(7)역,744-101,49.58,플라워,2018-11-27,2029-01-25,7324453,
1434,개별(일반),7호선,대림(7)역,744-102,44.74,패션잡화,2020-06-08,2025-07-08,6600000,
1435,복합,7호선,대림(7)역,744-103,68,패션잡화,2017-05-22,2027-09-19,12446500,
1436,네트워크,7호선,대림(7)역,744-104,29.51,편의점,2020-02-13,2025-04-12,13230360,
1437,네트워크,7호선,대림(7)역,744-106,39,패션잡화,2022-12-16,2028-04-15,3349711,
1438,네트워크,7호선,대림(7)역,744-107,39,플라워,2022-10-27,2028-02-24,2515781,
1439,개별(일반),7호선,대림(7)역,744-108,30,패션잡화,2023-03-06,2028-04-05,1721000,
1440,네트워크,7호선,남구로역,745-101,33.67,편의점,2020-02-13,2025-04-12,8428420,
1441,개별(일반),7호선,남구로역,745-103,40,패션잡화,2023-03-03,2028-04-02,2000000,
1442,개별(일반),7호선,남구로역,745-104,32,패션잡화,2023-06-19,2028-07-19,1700000,
1443,임대진행,7호선,남구로역,745-201,69.14,,,,,5단계. 입찰공고
1444,임대진행,7호선,남구로역,745-202,22,,,,,5단계. 입찰공고
1445,개별(일반),7호선,가산디지털단지역,746-101,34,식음료,2024-02-08,2029-02-07,13751200,
1446,네트워크,7호선,가산디지털단지역,746-103,69,화상면접,2022-09-06,2028-01-04,975346,
1447,네트워크,7호선,가산디지털단지역,746-301,41.97,플라워,2018-11-27,2029-01-25,4196536,
1448,네트워크,7호선,가산디지털단지역,746-302,35.8,편의점,2020-02-13,2025-04-12,16485040,
1449,네트워크,7호선,철산역,747-101,36.61,편의점,2020-02-13,2025-04-12,12851410,
1450,복합,7호선,철산역,747-102,30,식음료,2023-06-07,2026-07-31,2686255,
1451,복합,7호선,철산역,747-103,18,패션잡화,2023-06-07,2026-07-31,1653080,
1452,복합,7호선,철산역,747-105,63,식음료,2023-06-07,2026-07-31,5785780,
1453,복합,7호선,철산역,747-106,15.5,기타,2023-06-07,2026-07-31,3398000,
1454,복합,7호선,철산역,747-107,21.5,식음료,2023-06-07,2026-07-31,,
1455,복합,7호선,철산역,747-108,35,플라워,2023-06-07,2026-07-31,3214320,
1456,복합,7호선,철산역,747-109,41,패션잡화,2023-06-07,2026-07-31,3926065,
1457,네트워크,7호선,광명사거리역,748-101,45.74,식음료,2021-02-25,2026-04-26,5844784,
1458,네트워크,7호선,광명사거리역,748-102,34.27,편의점,2020-02-13,2025-04-12,12292280,
1459,네트워크,7호선,광명사거리역,748-103,13,무인프린트,2022-08-30,2028-01-27,1204446,
1460,네트워크,7호선,광명사거리역,748-201,37.17,화장품,2020-12-23,2026-03-23,3849143,
1461,임대진행,7호선,광명사거리역,748-203,44,,,,,3단계. 감정평가
1462,네트워크,7호선,광명사거리역,748-204,37,기타,2022-09-07,2028-02-04,3143467,
1463,네트워크,7호선,광명사거리역,748-205,40,플라워,2022-10-21,2028-02-18,3897086,
1464,네트워크,7호선,광명사거리역,748-206,40,식음료,2022-12-02,2028-04-01,3079874,
1465,네트워크,7호선,광명사거리역,748-207,41,패션잡화,2022-12-16,2028-04-15,2708482,
1466,네트워크,7호선,천왕역,749-101,36.93,편의점,2020-02-13,2025-04-12,6160440,
1467,개별(일반),7호선,천왕역,749-201,900.39,기타,2016-09-12,2027-03-10,1313400,
1468,개별(일반),7호선,온수역,750-101,13.5,식음료,2021-03-19,2026-04-18,2040000,
1469,개별(일반),7호선,온수역,750-103,23.1,패션잡화,2018-10-23,2028-11-21,3312900,
1470,네트워크,7호선,온수역,750-104,29.81,편의점,2020-02-13,2025-04-12,6966960,
1471,임대진행,7호선,온수역,750-105,41,,,,,3단계. 감정평가
1472,개별(일반),7호선,온수역,750-106,35,사무실,2021-12-21,2027-01-20,795000,
1473,네트워크,8호선,암사역,810-101,36.54,기타,2023-06-05,2028-08-14,2288301,
1474,공실,8호선,암사역,810-102,24,,,,,2단계. 시설물 점검
1475,네트워크,8호선,암사역,810-103,35,편의점,2022-02-03,2027-05-04,10014441,
1476,개별(일반),8호선,암사역,810-104,27.37,패션잡화,2020-12-31,2026-01-30,2150000,
1477,네트워크,8호선,암사역,810-105,46.46,기타,2022-09-07,2028-02-04,2750533,
1478,네트워크,8호선,강동구청역,812-101,30,편의점,2022-02-03,2027-05-04,6354679,
1479,개별(일반),8호선,강동구청역,812-102,36.96,패션잡화,2022-08-29,2027-09-28,1833000,
1480,공실,8호선,강동구청역,812-201,37.45,,,,,2단계. 시설물 점검
1481,개별(일반),8호선,강동구청역,812-202,46.69,식음료,2020-06-10,2025-07-10,2500000,
1482,네트워크,8호선,몽촌토성역,813-101,36,편의점,2022-02-03,2027-05-04,5389832,
1483,복합,8호선,잠실(8)역,814-101,191,식음료,2022-10-08,2026-04-10,14620318,
1484,복합,8호선,잠실(8)역,814-102,118,기타,2022-10-08,2026-04-10,9032448,
1485,복합,8호선,잠실(8)역,814-103,16,식음료,2022-10-08,2026-04-10,1224739,
1486,복합,8호선,잠실(8)역,814-104,225,식음료,2022-10-08,2026-04-10,17222887,
1487,복합,8호선,잠실(8)역,814-105,52,편의점,2022-10-08,2026-04-10,3980400,
1488,복합,8호선,잠실(8)역,814-106,708,기타,2022-10-08,2026-04-10,54194684,
1489,복합,8호선,잠실(8)역,814-107,40,의약업,2022-10-08,2026-04-10,3061847,
1490,복합,8호선,잠실(8)역,814-109,48,패션잡화,2022-10-08,2026-04-10,3674216,
1491,복합,8호선,잠실(8)역,814-110,24,패션잡화,2022-10-08,2026-04-10,1837108,
1492,복합,8호선,잠실(8)역,814-111,144,화장품,2022-10-08,2026-04-10,11022647,
1493,복합,8호선,잠실(8)역,814-112,24,식음료,2022-10-08,2026-04-10,1837108,
1494,복합,8호선,잠실(8)역,814-113,48,패션잡화,2022-10-08,2026-04-10,3674216,
1495,복합,8호선,잠실(8)역,814-114,14.23,식음료,2022-10-08,2026-04-10,1089252,
1496,복합,8호선,잠실(8)역,814-115,26,식음료,2022-10-08,2026-04-10,1990200,
1497,복합,8호선,잠실(8)역,814-116,56,식음료,2022-10-08,2026-04-10,4286585,
1498,복합,8호선,잠실(8)역,814-117,56,기타,2022-10-08,2026-04-10,4286585,
1499,복합,8호선,잠실(8)역,814-118,56,패션잡화,2022-10-08,2026-04-10,4286585,
1500,복합,8호선,잠실(8)역,814-119,45,패션잡화,2022-10-08,2026-04-10,3444578,
1501,복합,8호선,잠실(8)역,814-120,48,기타,2022-10-08,2026-04-10,3674216,
1502,복합,8호선,잠실(8)역,814-121,20,식음료,2022-10-08,2026-04-10,1530923,
1503,복합,8호선,잠실(8)역,814-122,20,식음료,2022-10-08,2026-04-10,1530923,
1504,복합,8호선,잠실(8)역,814-123,20,식음료,2022-10-08,2026-04-10,1530923,
1505,개별(일반),8호선,잠실(8)역,814-201,28.6,패션잡화,2022-12-14,2028-01-13,8200000,
1506,복합,8호선,잠실(8)역,814-202,29,식음료,2022-10-08,2026-04-10,2219839,
1507,복합,8호선,잠실(8)역,814-203,13.5,식음료,2022-10-08,2026-04-10,1033373,
1508,복합,8호선,잠실(8)역,814-204,9.36,식음료,2022-10-08,2026-04-10,716470,
1509,개별(일반),8호선,석촌역,815-101,30,기타,2022-02-05,2027-03-04,2500000,
1510,네트워크,8호선,석촌역,815-102,38,편의점,2022-02-03,2027-05-04,7290691,
1511,개별(일반),8호선,송파역,816-101,17.87,식음료,2023-03-31,2028-04-30,1510000,
1512,네트워크,8호선,송파역,816-102,32.2,편의점,2022-02-03,2027-05-04,3999566,
1513,네트워크,8호선,가락시장(8)역,817-102,33,편의점,2022-02-03,2027-05-04,5233461,
1514,개별(일반),8호선,가락시장(8)역,817-105,52.16,패션잡화,2019-04-09,2029-05-08,4272800,
1515,개별(일반),8호선,가락시장(8)역,817-106,19.84,기타,2020-02-11,2025-03-11,1012000,
1516,개별(일반),8호선,가락시장(8)역,817-107,24.61,식음료,2019-12-18,2025-01-16,2186000,
1517,네트워크,8호선,문정역,818-101,30,편의점,2022-02-03,2027-05-04,3992468,
1518,네트워크,8호선,장지역,819-101,35.2,편의점,2022-02-03,2027-05-04,8275943,
1519,개별(일반),8호선,장지역,819-102,38.82,식음료,2023-12-04,2029-01-03,4998300,
1520,개별(일반),8호선,장지역,819-103,12.85,플라워,2020-08-03,2025-09-02,2500000,
1521,임대진행,8호선,장지역,819-104,251.23,,,,,3단계. 감정평가
1522,네트워크,8호선,복정역,820-101,50,편의점,2022-02-03,2027-05-04,6487761,
1523,네트워크,8호선,산성역,821-101,30,편의점,2022-02-03,2027-05-04,4358445,
1524,개별(일반),8호선,남한산성입구역,822-101,34.32,기타,2021-05-13,2026-06-12,2300000,
1525,네트워크,8호선,남한산성입구역,822-201,36,편의점,2022-02-03,2027-05-04,8863280,
1526,개별(일반),8호선,남한산성입구역,822-202,22.09,식음료,2019-12-10,2025-01-08,1590000,
1527,네트워크,8호선,남한산성입구역,822-203,54.76,식음료,2024-01-15,2029-03-25,2060400,
1528,네트워크,8호선,남한산성입구역,822-204,34.18,패션잡화,2023-07-17,2028-08-31,1809246,
1529,개별(일반),8호선,남한산성입구역,822-205,17,식음료,2022-04-28,2027-05-28,1200000,
1530,개별(일반),8호선,단대오거리역,823-102,36.78,기타,2021-01-21,2026-02-20,1700000,
1531,네트워크,8호선,단대오거리역,823-201,32.5,편의점,2022-02-03,2027-05-04,6235459,
1532,네트워크,8호선,단대오거리역,823-203,54.03,기타,2024-06-07,2029-08-16,2643590,
1533,개별(일반),8호선,단대오거리역,823-204,75.09,패션잡화,2021-03-18,2026-04-17,3780000,
1534,네트워크,8호선,신흥역,824-101,40,편의점,2022-02-03,2027-05-04,4391715,
1535,네트워크,8호선,수진역,825-101,40,편의점,2022-02-03,2027-05-04,4036829,
1536,네트워크,8호선,모란역,826-101,50,편의점,2022-02-03,2027-05-04,3770665,
1537,공실,8호선,남위례역,827-001,34.13,,,,,1단계. 사업계획 수립중
1538,공실,8호선,남위례역,827-002,25.97,,,,,1단계. 사업계획 수립중
