시도,시군구,레벨01,항목,2014 년,2015 년,2016 년,2017 년,2018 년,2019 년,2020 년,2021 년,2022 년,2023 년
경기,수원시 장안구,계,면적,33343598.7,33343740.7,33343560.7,33349467.5,33341117,33342316.9,33342288.9,33342085.1,33343885.7,33342057.7
경기,수원시 장안구,전,면적,1562727.8,1554203.8,1546961.8,1548736.6,1582394.6,1577961.5,1595157.5,1597702.3,1602760.4,1599677.7
경기,수원시 장안구,답,면적,1173381.4,1161807.4,1153978.4,1134930.8,1095798.8,1062849.8,1042166.8,1019606.8,1006166.9,988801.4
경기,수원시 장안구,묘지,면적,46457,46457,46188,46052,46052,44155,44074,44074,43806,41349
경기,수원시 권선구,계,면적,47170567.7,47173330.2,47173414,47169074.4,47166542.9,47170329.7,47182349.6,47179157.1,47180198.5,47179838
경기,수원시 권선구,전,면적,5109012.7,5145112.1,5212974.5,4999380,5088283,5122691,5132809.9,5183788.6,5182126.2,5170542.1
경기,수원시 권선구,답,면적,9079686.4,8844874.4,8436678.4,7943269.3,7759752.3,7541040.3,7242188.9,7060010.9,6817479.4,6703237.1
경기,수원시 권선구,묘지,면적,29493,29493,28603,28381,28381,24077,24077,23939,23542.5,23542.5
경기,수원시 팔달구,계,면적,12856750.1,12856750.1,12856753.1,12856852.1,12856188.9,12856109.3,12856138.3,12856945.3,12860370.6,12865087.2
경기,수원시 팔달구,전,면적,354146,346857,346695,345361,342242,341657,341467,338881.6,330754.7,323430.5
경기,수원시 팔달구,답,면적,290364.7,287394.7,287377.7,287377.7,282339.7,282255.7,281728.7,281669.7,222162.8,220716.8
경기,수원시 팔달구,묘지,면적,14054,14054,14054,14054,14054,14054,14054,14054,14054,14002
경기,수원시 영통구,계,면적,27677052.3,27677136,27680407.4,27678981.4,27677699.7,27723420.5,27710901.6,27711524.8,27714465.1,27712882.2
경기,수원시 영통구,전,면적,809324.8,769530.8,740078.4,709282.4,623736,583656.4,572666.4,566324.4,535591.7,506788.6
경기,수원시 영통구,답,면적,1300789.8,1161392.8,1157877.2,995630.2,938624.2,724075.9,652693.9,625875.4,471798.8,434150.1
경기,수원시 영통구,묘지,면적,57565,57565,57127,50669,50668,50638,50638,50638,50638,53323
경기,성남시 수정구,계,면적,45511001.6,45476842.8,45477149.6,45474104,45456469.7,45455655.7,45458273.6,45453255.5,45452706.7,45453013.6
경기,성남시 수정구,전,면적,3378530,3365771.2,3189267.2,3191972,2775369,2760456.9,2568357,2599937.1,2562182.1,2558790.4
경기,성남시 수정구,답,면적,2496047.5,2484646.5,2376438.5,2360566.4,2011994.4,2005358.9,1908960.8,1901940.7,1840871.7,1831456.7
경기,성남시 수정구,묘지,면적,61856,61856,61463,60091,58508,58508,58508,54065,54065,54065
경기,성남시 중원구,계,면적,26411920.1,26413429.8,26412456.2,26414921.3,26413306.7,26411562.2,26411556.5,26412622.5,26412709.5,26416623.4
경기,성남시 중원구,전,면적,715108,715361,713644,662161.5,615031.5,613677.4,613499.3,586138.9,585942.2,584759.3
경기,성남시 중원구,답,면적,1124880,1124554.5,1121226.5,1057412.4,968794.7,968391.3,967815.3,906229.4,901808.4,901508.4
경기,성남시 중원구,묘지,면적,46027,46027,46027,46027,46027,46027,46027,45403,45403,45403
경기,성남시 분당구,계,면적,69771628.3,69774420.8,69774942.8,69770138.6,69768438.9,69765851.9,69762324.9,69759501.1,69760444.9,69760640.8
경기,성남시 분당구,전,면적,1799805,1891762,1890482,1887573,1882692,1858442,1856874.4,1856596.3,1848670.7,1836749.5
경기,성남시 분당구,답,면적,1766361,1651160,1633817,1624286.5,1598089.5,1583593.2,1571255.7,1550134.9,1533604.7,1524278.7
경기,성남시 분당구,묘지,면적,562288.3,562288.3,650526.3,657576.3,658526.3,664719.3,661403.3,661403.3,646046,648380
경기,의정부시,계,면적,81542694.5,81535735.8,81539184.9,81539418.5,81542957.7,81544832.3,81546632.6,81547880.8,81545309.8,81548718.3
경기,의정부시,전,면적,5690915.8,4738550.8,4609679.6,4607268.6,4385731.4,4335770.6,4316819,4081048.1,3953621.9,3931156.8
경기,의정부시,답,면적,4567172.6,3388965.6,3341036.3,3299665.9,3174269.9,3124121.3,3106120.3,2654994.6,2475169.4,2465886.3
경기,의정부시,묘지,면적,79470,82220,82220,82220,75096,75096,75096,70133,70126,70126
경기,안양시 만안구,계,면적,36544141.4,36543409,36571768,36568230.7,36532798.4,36534381.5,36540102.1,36545855.4,36562941.9,36563017.4
경기,안양시 만안구,전,면적,836463.7,736906.8,726253.6,714811.7,691549.8,671738.3,663418.8,625557.8,619951.5,618682.6
경기,안양시 만안구,답,면적,348103.1,295269.7,286820.4,285037.5,283046.5,281655.7,279306.7,252272.7,249245.5,246155.5
경기,안양시 만안구,묘지,면적,25570,25570,25570,25570,25312.5,25312.5,25312.5,25452.5,25452.5,25452.5
경기,안양시 동안구,계,면적,21927390.3,21927117.1,21928500.7,21929301.4,21930855.1,21932930.9,21932748.9,21938175.7,21938176.4,21937740
경기,안양시 동안구,전,면적,324394,315951.5,306996.6,298841.6,294967.7,291395.7,289824.7,290111.9,275501.1,274475.6
경기,안양시 동안구,답,면적,240057.7,233323.7,230877.7,225928.9,224812.6,224236.6,221372.6,221372.6,215383.8,215223.3
경기,안양시 동안구,묘지,면적,855,855,642.9,642.9,642.9,642.9,642.9,286.7,286.7,286.7
경기,부천시,계,면적,53434108.7,53437499.2,53439859.7,53442446,53444251.8,53446245.7,53451955.9,53453519.3,53457017,53458065.7
경기,부천시,전,면적,3621997,3654288.5,3148011.2,2969955.8,3035083,3057575.6,3076981.3,3014371.9,3000680.8,3025617.8
경기,부천시,답,면적,3882646.5,3806655,3707230.3,3633368.7,3544865.2,3476579.2,3457441.4,3370564.7,3340537.8,3297849.1
경기,부천시,묘지,면적,63643.4,63643.4,59922.4,59922.4,56519.1,56519.1,56519.1,56519.1,56519.1,56519.1
경기,광명시,계,면적,38518262.1,38516784.8,38517879,38520232.1,38525105.7,38526427.7,38528651.1,38529059.6,38519461.2,38521193
경기,광명시,전,면적,5191819,5187651,5157878,5123614.6,4958408.6,4943732.6,4772509.7,4763125.8,4748314.8,4737187.2
경기,광명시,답,면적,2557178,2557106.9,2531946.9,2491572.1,2342932.9,2341353.9,2308905,2308083,2306739,2301677
경기,광명시,묘지,면적,99474.2,97999.2,97999.2,97100.2,96427.2,96329.2,82523.2,82523.2,82523.2,82523.2
경기,평택시,계,면적,457472795.9,458124342.1,458081967.9,458076120.8,458264763.6,458244177.9,458242535,458255093.1,457882392.2,458448418.2
경기,평택시,전,면적,41703441.1,41390990.6,40473711.6,39787766.9,39664624.5,39019422.1,38570644.5,38160293.6,37249528.8,36787913.2
경기,평택시,답,면적,160414379.1,159500857.7,158355641.3,156235017.3,154517555.8,153002373.5,152188777.4,149909365.5,147981703.6,147176857.1
경기,평택시,묘지,면적,792507,790747,773392,761312,713996,717118,713952.7,699004.7,679094.7,674071.7
경기,동두천시,계,면적,95660761.2,95667585.9,95673723.6,95658808.6,95663249.3,95664307.5,95666945.2,95667272.9,95671816.4,95673631.2
경기,동두천시,전,면적,6995430,6930452.5,6859614.9,6835421.9,6792507,6704491,6656154.3,6625601,6528051.8,6415167.8
경기,동두천시,답,면적,2753612,2648793,2586089,2575159,2544885,2491989,2455509.6,2408991.7,2367031.7,2344213.6
경기,동두천시,묘지,면적,337642,335305,332234,334015,334027.1,334937.1,335932.1,335725.1,335725.1,335712.1
경기,안산시 상록구,계,면적,57994888.7,57994750.2,57996682.9,57998607.5,57984141.9,57989859.7,57988360.5,57991983.9,57992504.1,57992724.8
경기,안산시 상록구,전,면적,4939462,4866813.7,4944866.7,5108792.4,5213795.4,5332647.1,5361454.4,5348213.8,5378844.2,5391251.5
경기,안산시 상록구,답,면적,4974410.9,4666476.9,4516713.6,4305346.3,4199978.3,4116001.4,4060253.8,3773336.2,3685896,3649533
경기,안산시 상록구,묘지,면적,197565,197565,193751,193726,193642,193642,193483,189702,189314,187521
경기,안산시 단원구,계,면적,91505523.3,92799641.8,96234735.9,97199487.5,97658182.7,97741095.3,98345242.2,98417755.8,98535447.5,98474161.3
경기,안산시 단원구,전,면적,6871655,6912104,6873637.2,6872488.2,6895352.8,6908032.1,6886099.5,6879721.8,6873771.1,6855095.2
경기,안산시 단원구,답,면적,7333556,7255334,7022895,6936392,6862561.1,6792012,6731797.2,6621823.8,6548673.8,6494425.6
경기,안산시 단원구,묘지,면적,408031,408031,406957,406957,406957,405942,405942,405942,389686,389686
경기,고양시 덕양구,계,면적,165559570,165580271,165593245.3,165549200,165567078.8,165574887.1,165583732.7,165591577.9,165595526.7,165599638.5
경기,고양시 덕양구,전,면적,18669147.9,18384333.1,18019174.3,17584760.8,17641679,17627815,16861728.1,16827792,16814349.7,16241596.6
경기,고양시 덕양구,답,면적,16576046,16115979.3,15875324.3,15546733.9,15363034,15199380.5,14635886.1,14524225.2,14458480.5,14108131.5
경기,고양시 덕양구,묘지,면적,1576244,1573809,1573261.8,1568831.8,1571377.8,1569745.8,1564296.8,1564635.8,1570057.8,1571017.8
경기,고양시 일산동구,계,면적,59933896.3,59938979.6,59943336,59950258.7,59948968.2,59952693.1,59955909.7,59958054.9,59959662.9,59963992
경기,고양시 일산동구,전,면적,6954128,6879364,7036134.5,6722559.1,6562439.3,6344616.1,6149612.5,6104207.3,6053606.5,6003107
경기,고양시 일산동구,답,면적,7544709.3,7483393.4,7120079.4,6822493.5,6669522.6,6366623.4,6174748,6079076,6008395.1,5930218.9
경기,고양시 일산동구,묘지,면적,264935,265051.9,264948.9,264462.9,269562.9,268830.9,272509.9,272355.9,272992.9,272992.9
경기,고양시 일산서구,계,면적,42567442.1,42557939.4,42559294.9,42559760,42560573,42560750.2,42562696.4,42562546.6,42563953.4,42563266
경기,고양시 일산서구,전,면적,3561250.2,3577728.7,3576757.4,3586516.9,3590983.9,3578148.8,3582308.9,3617227.1,3646861.7,3654641.1
경기,고양시 일산서구,답,면적,9831074.1,9706513.1,9588825.1,9490779.5,9404934.9,9295450.9,9242603.4,9170267.3,9076177.4,9005481.4
경기,고양시 일산서구,묘지,면적,24432,24432,22597,22177,21788,20488,20488,20299,22195,22211
경기,과천시,계,면적,35866821.2,35866891.2,35867547.2,35868073.2,35868007.2,35868319.2,35870152.2,35870116,35870833.5,35871398.5
경기,과천시,전,면적,2682825,2692149,2694478,2706313,2712820,2707654,2703891,2674503,2674214,2674471
경기,과천시,답,면적,2150283,2133723,2107929,2089366,2080991,2076175,2071924,2045219,2041311,2034345
경기,과천시,묘지,면적,38026,38026,37834,37928,37928,37928,37343,37343,37343,37343
경기,구리시,계,면적,33311429,33312014.5,33310589,33311789.4,33316965.4,33325063.8,33329248.9,33332882.4,33333731.2,33338734.8
경기,구리시,전,면적,4568270,4552363.8,4513543.5,4424465.8,4158542.8,3753721.8,3430159.8,3346549.8,3317867.3,3293136.8
경기,구리시,답,면적,1225431,1207136,1190615,1137098.7,1069150.7,854540.7,816560.7,739591,734254.7,726586.7
경기,구리시,묘지,면적,247309,243854,243854,243070,242544,242044,232992,232992,232935,232935
경기,남양주시,계,면적,458098292.6,458022770,458051702.9,458070891.2,458101929.2,458115470.3,458144348.8,458144213.8,458121315.2,458129776.9
경기,남양주시,전,면적,31732538.2,31413152.2,31141616.2,30830972.6,29642618.6,29212257.6,28659841.8,28386440.8,27997377.8,27764469.6
경기,남양주시,답,면적,30298326,29620722,29072212.7,28573681.3,26763274.9,26166736.8,25598755.8,25234506.8,24721573.7,24470564
경기,남양주시,묘지,면적,2690239,2681845,2688820,2680918,2643380,2634693,2510229,2509823,2482471,2475095
경기,오산시,계,면적,42734237.7,42730887.9,42727552.3,42726512.9,42722586.8,42707724.4,42705786.2,42706070.7,42705752.9,42691582.6
경기,오산시,전,면적,3843579.7,3816487.1,3813630.7,3760945,3724689.9,3604057.5,3546490.8,3431474.1,3376259.2,3065238.4
경기,오산시,답,면적,6136843.1,6082809.2,6000109.3,5849258.6,5713097.4,5538798.2,5434989.4,5243385.5,5154241.2,4464538.9
경기,오산시,묘지,면적,118104,118104,118104,118103,117848,116923,116245,116245,112506.5,111213.5
경기,시흥시,계,면적,135056862.1,135790207.8,135795688,137607939.5,138652287.4,138660045.6,139680130,139683554.1,139938363.2,139936378
경기,시흥시,전,면적,20601653,20710177,19970437.3,20210069.4,20570926.2,20020327.5,20079339.5,19366600.9,18958743,18865376.6
경기,시흥시,답,면적,16478981,16275846,15321511,15049972.5,14762284.5,14360250.6,14251841.6,13781856.1,13419409.2,13222593.7
경기,시흥시,묘지,면적,328077,328077,319974,312555.3,312555.3,301795.3,299840.3,277988.3,271560.4,270878.4
경기,군포시,계,면적,36410268.9,36410419.7,36412063.1,36415885.6,36416295.7,36416853.9,36416695.9,36416592.3,36417304.4,36418522.1
경기,군포시,전,면적,2844954.6,2858586.6,2896713.6,2833349.6,2634008.9,2514048.7,2471063.7,2494127.6,2520356.8,2526597.9
경기,군포시,답,면적,1767711.7,1731456.7,1681230.7,1504519.7,1337360.2,1262356.2,1145439.2,1117948,1088574,1079137.4
경기,군포시,묘지,면적,17001,17001,16418,15552,11582,11559,11559,11559,11559,11559
경기,의왕시,계,면적,53985682.7,53986174.7,53989365.7,53986775,53987838.9,53987611.3,54034385.4,54034757.6,54032697.4,54031240.1
경기,의왕시,전,면적,5110319,5138858,5200290,5301118.6,5321437,5182035.7,5099512.9,4746487.5,4690623.5,4637548.6
경기,의왕시,답,면적,2433953,2333037,2216634.7,2081179.3,2015567.3,1934333.3,1868976.6,1689202.3,1630245.3,1555884.5
경기,의왕시,묘지,면적,173490,173490,173615,173998,174028,173926,173926,175737,175737,175854
경기,하남시,계,면적,93031146.2,93028094.2,93028156,93006863.9,92992059.2,92991186.2,92987239.8,92987871.7,92986873.6,92985346.6
경기,하남시,전,면적,7018685.2,7015691.2,7030981.2,6522602.8,6019435.8,5997481.8,5900181.8,5855706.8,5627540.8,5617467
경기,하남시,답,면적,6917734,6834519,6724832.5,5651656.7,4586370.6,4518738.6,4342096.6,4253547.6,3952694.1,3939011.8
경기,하남시,묘지,면적,187275.7,185573.7,183165.7,177055.7,171058.7,169820.7,168934.7,167794.7,167273.7,167273.7
경기,용인시 처인구,계,면적,467573615.4,467546853.4,467562401.9,467567041.5,467504049.3,467517929.8,467487956.1,467488864.4,467482115.7,467507678.6
경기,용인시 처인구,전,면적,38019313.4,37763605.4,37503254.8,37217343.5,36879563.5,36464471.5,36033878.6,35733561.1,35374771,35097475.6
경기,용인시 처인구,답,면적,66064802.3,65572320.3,64998305.2,64552193.9,63922821.9,63279314.8,62468006.4,61985156.9,61305300.6,60796850.5
경기,용인시 처인구,묘지,면적,2166941.8,2172167.8,2171553.8,2179069.8,2173044.8,2199397.8,2213549.8,2219154.8,2223594.8,2228875.8
경기,용인시 기흥구,계,면적,81674441.9,81682682.6,81682779.4,81685388.1,81686362.5,81643654.4,81644847.9,81644029.5,81636936.2,81640029.9
경기,용인시 기흥구,전,면적,2964961,2910360,2796001,2741071.2,2687686.2,2611381.2,2594578.8,2571459.3,2530654.5,2416450
경기,용인시 기흥구,답,면적,3808269,3706487,3534128,3440919,3374686.8,3295369.8,3214964.6,3146268.8,3077585,2910480.2
경기,용인시 기흥구,묘지,면적,48732,58796,57779,57779,57656,57029,57029,56612,56587,57675
경기,용인시 수지구,계,면적,42099033.8,42094180.6,42094016.3,42098511.9,42098797.9,42097662,42098588,42102881.6,42105763.9,42107206.6
경기,용인시 수지구,전,면적,1681915.9,1463691.6,1412709.6,1353316.6,1286371.6,1257369.6,1231052.4,1196003.2,1175425.1,1157147.1
경기,용인시 수지구,답,면적,1342965.5,1235217.5,1102421.5,1061333.5,1032445.5,1002751.5,964072.5,934729.5,896105.6,878336.6
경기,용인시 수지구,묘지,면적,33797,33508,33418,31384,30025,29756,29323,29323,29323,24197
경기,파주시,계,면적,672780051.4,672888154.2,672834018.1,673115034.5,673207364.5,673229198.8,673861013.5,673880293.8,673934318.2,673955430.3
경기,파주시,전,면적,73657191.6,73367126,72910862.4,72640587.4,72365288.8,71573068.8,71327931.2,71032091.1,70521275.1,70024836.6
경기,파주시,답,면적,114197450.9,113293678.9,111990124.6,111190566.6,110336758.7,108718807.1,108213371.7,107404491.2,106248799.1,105275983.9
경기,파주시,묘지,면적,6788371.6,6787030.6,6784436.6,6795789.6,6789459.3,6795021.3,6799004,6792648,6777614,6783462
경기,이천시,계,면적,461361212.9,461363641.2,461380578.4,461426221.8,461402250.3,461421890.6,461430417.9,461470641.9,461453807.6,461464926.3
경기,이천시,전,면적,71444648.2,70895229,69990352.8,69600015.6,69661494.9,69176416.1,68362449.3,67678111.2,67181698.4,66607695.7
경기,이천시,답,면적,107172066.6,106069138.8,105068209.8,104579411.6,104064291.8,103413813.6,102588537.1,101906347.9,101320136.1,100832534.3
경기,이천시,묘지,면적,1464934.2,1465510.2,1461669.2,1458378.2,1460046.2,1474972.2,1468909,1476338,1471946.3,1489723.8
경기,안성시,계,면적,553430697.6,553410031.9,553392068.7,553397809,553398041.7,553418704,553460873.7,553465426.3,553500802,553508056.1
경기,안성시,전,면적,50542021.7,50469481,50294040,50124008.8,49855994.4,49490632.1,49276932.2,49069260.8,48883547.2,48616119.5
경기,안성시,답,면적,113126606.1,112717562.6,112042117.3,111461469.4,110466420.7,109256426.2,108657515.1,107872800.4,107352223,106739239.7
경기,안성시,묘지,면적,2255480,2261037,2260074,2262542,2266709,2263199,2272087,2276708.1,2280536,2355033.6
경기,김포시,계,면적,276614788,276594490.3,276596965.8,276600492.8,276601538.4,276612088.4,276606181.1,276601527.2,276592028.8,276596404.2
경기,김포시,전,면적,26276107.7,25700944.1,25555340.2,25284332.5,24873172.5,24481112.6,24138504.2,23798190.2,23122261.4,22861872.1
경기,김포시,답,면적,68013184.9,65929076.6,64518961.3,62321850.6,60574508.5,59645560.1,58879892.3,58106247,56568324.2,56042496.1
경기,김포시,묘지,면적,1205764,1187224,1187069,1185959,1186527,1197798,1185607.7,1173115,1164563,1168082
경기,화성시,계,면적,689656657.5,689734345.3,693918352.4,693952248.9,693924902.3,697766499,698179777.3,699411814.6,700632743.8,700641502.5
경기,화성시,전,면적,81506786.4,80563887.6,78673319.9,77985249.4,77778133.8,76125485.8,75086424,74731919.4,73805447.1,73149811.1
경기,화성시,답,면적,156914760.6,155738919.6,153184721.1,151711760.2,150548104.9,146817280.1,145038132.2,143532600,141349970.4,140008418
경기,화성시,묘지,면적,1431120,1419918,1385917,1576419,1574442,1530539,1533888,1538339,1516772,1515665
경기,광주시,계,면적,430988596.2,431054604,431024612.7,431016916.1,430986231.2,430990347.1,430988533,430988589.7,430993373.5,430988337.2
경기,광주시,전,면적,27985311,27749728,27422379.8,27074542.4,26721295,26428509.4,25993452.4,25647129.2,25293466,25040067.6
경기,광주시,답,면적,27180448.4,26748340.4,26306380.4,25732536.8,25253929.1,24791748.9,24016179.4,23209483.9,22444038.7,22030701.6
경기,광주시,묘지,면적,2313282,2315199,2322121,2330148,2331747,2333375,2323854,2322366,2353044.4,2493332.9
경기,양주시,계,면적,310284292.1,310280977.8,310335183.2,310315259.3,310335583.4,310390297.4,310428454,310469902.4,310495787.6,310487150.1
경기,양주시,전,면적,30347383.4,30039347.4,29597705.4,29247276.4,28790644.2,28680759.2,28362712.9,28146903.6,27862780.2,27668977.5
경기,양주시,답,면적,31972615,31418280,30692754,30028861,28916729,28437409,27769761.6,26971950.6,26474686.6,25985086.4
경기,양주시,묘지,면적,936599.9,939907.9,951248.9,959273.9,959218.9,954025.9,952168.9,955773.9,953331.9,958569.9
경기,포천시,계,면적,826672549.3,826521808.6,826565850.1,826648999.8,826652313.9,826957493.1,826914479.2,826986435.1,827128931.7,827165744.7
경기,포천시,전,면적,78910963.9,78603545.9,78096603.9,77670641.2,77303124.6,76987172.6,76554447.7,75956812.2,75440948.4,72857144.2
경기,포천시,답,면적,60489380.5,60177125.9,59659991.9,59257113.9,58957275.9,58634386.9,58296531.9,57768083.2,57254417.2,55258242.2
경기,포천시,묘지,면적,1904070.5,1905187.5,1905154.5,1924259.5,1922614.5,1909933.5,1961484.5,1961460.5,1961680.5,1956922.5
경기,여주시,계,면적,608386083,608316184.5,608368019.2,608336503.1,608312725.4,608298372.3,608264019,608284410.8,608285220.5,608207921.7
경기,여주시,전,면적,69074507.9,68951246.8,69182127.5,69222306,69174649.2,69179225.2,69046732.3,68768970.8,68595772.7,68299129.1
경기,여주시,답,면적,100103242,99746140.5,99188658.3,98537159.9,98112367.6,97829697.4,97231747.6,96924807.9,96516411.8,96079215.2
경기,여주시,묘지,면적,1524872,1532189,1536703,1563004.6,1571415.6,1578087.6,1457923.6,1467750,1472212,1767716
경기,연천군,계,면적,675865088.2,676010010.6,676321572.8,676312014.9,676318926.6,676318065.6,676308199.7,676215174.5,677585770.8,677938351.1
경기,연천군,전,면적,78522601.6,77728522.6,77445933.7,77458174.1,77369642.7,77257215.2,77182349,76944959.7,76718159.8,76233401.2
경기,연천군,답,면적,55379123.4,54453417.9,54196275.2,54134354.1,53682001.5,53544363,53351983.1,53130581.7,52944122.7,52125597.4
경기,연천군,묘지,면적,1678347,1682221,1696622,1715400,1720909,1730239,1735916.3,1749881.3,1758769.3,1765951.3
경기,가평군,계,면적,843621640.7,843663883.7,843708790.3,843724879.5,843271028.3,843690574.7,843664736.1,843581888.6,843580706.5,842821965.6
경기,가평군,전,면적,43598992,43525999,43324458.1,43093023.7,42867629,42840418,42739432.8,42575363.3,42339466.2,41855209.7
경기,가평군,답,면적,26865608,26630939,26353642.5,25974017.5,25741267.9,25529274.4,25356949.4,25128850.2,24884088.9,24434911.3
경기,가평군,묘지,면적,759305,760572,761661,761699,760137,767357,772614,774722,781272.6,784492.6
경기,양평군,계,면적,877777975,877690919,877691672,877693097.4,877727400.4,877651359.5,877693229.3,877789696.5,877779462.6,877819526.3
경기,양평군,전,면적,57839739.5,56815281.8,56460682,56308993.2,56277596.1,56037622.9,55997297.2,55794517.2,55505852.7,55264582.8
경기,양평군,답,면적,69955894.4,68319533.8,67428772.4,66968572.9,66549454.8,65980258.8,65477637.6,64978824.3,64539181.9,63974508.8
경기,양평군,묘지,면적,1957936,1957030,1952172,1971587,1972358,1970304,1986432,1984909,1985577,1978902
강원,춘천시,계,면적,1116382140,1116364203,1116409986,1116403403,1116358004,1116373900,1116401657,1116417910,1116409316,1116415790
강원,춘천시,전,면적,67652259.4,66889915.4,66568626.9,66324104,66218755,66171409.6,66056467.2,65827818.7,65531165.3,65269706.2
강원,춘천시,답,면적,34707407.5,34168488.5,33880109.1,33426925.6,32877439.4,32589464.2,32437476.2,32214076.2,32007118.2,31739454.5
강원,춘천시,묘지,면적,1479708.4,1479230.4,1474095.4,1469529.4,1467759.6,1467873.6,1465067.6,1602170.7,1599647.5,1604053.3
강원,원주시,계,면적,867973342.5,867815241.9,868283081.3,868269599.3,868267721.7,868240237.8,868228515.5,868251129.7,868281603.3,868285190.5
강원,원주시,전,면적,61855519.7,61156002.9,61082849.4,60948812.5,60650897.8,60304010.4,60155476.8,60145658,59949065.2,59843440.7
강원,원주시,답,면적,60337477.4,59035986,58717130.7,57839586.9,56981934.1,56450448.7,55913451.7,55572262.7,55115257.5,54721433.8
강원,원주시,묘지,면적,991498,973970,975217,975592,979976.9,977849.9,977345.5,978354.5,981179.1,981608
강원,강릉시,계,면적,1040377731,1040381390,1040343604,1040709437,1040793379,1040783864,1040782377,1040753600,1040677545,1040827452
강원,강릉시,전,면적,51981370.6,52176029.5,52257727.8,52386287.9,52553383.5,52719017.6,52794657,52889533.3,53144752.5,53184739
강원,강릉시,답,면적,51824649.6,51174900.2,50492401.1,50036940.8,49459287.9,49103663.9,48758829.7,47935405.2,47403092,47038292.4
강원,강릉시,묘지,면적,607411,635811,636880,644384,885556,888109,893580,895737,887357,1011665
강원,동해시,계,면적,180195361.6,180197950.9,180207886,180206138.4,180204937.3,180201979.5,180207415.8,180304697.8,180304737.3,180307717.3
강원,동해시,전,면적,9809474.9,9780942.9,9758869.7,9671840,9624141.4,9605873.7,9536333.7,9511414.2,9474945.3,9296827.3
강원,동해시,답,면적,4655769,4583322.5,4532713.5,4443018.2,4337866.2,4293107.4,4217777.4,4138191.4,4050860.4,3881488.1
강원,동해시,묘지,면적,203343,203343,203343,203349,203349,203349,203449,204108,204042,204292
강원,태백시,계,면적,303466994.1,303475779.3,303475689.1,303495317.1,303530036.3,303521188.1,303488906.3,303447974.2,303443266.8,303438427.5
강원,태백시,전,면적,14140741.5,14144129.3,14104162.3,14105394.9,14109124.4,14090320.8,13828113.1,13724380.8,13667478.4,13641660.4
강원,태백시,답,면적,33661,33661,33661,33632,33603,32988,32575,32575,30925.3,30925.3
강원,태백시,묘지,면적,210117,209973,209973,209903.6,200323.6,200323.6,199535.7,199535.7,199535.7,199587
강원,속초시,계,면적,105701807.1,105721485.6,105718137.4,105735518.6,105759304.6,105760448,105761438.1,105760399,105769531.9,105753666.7
강원,속초시,전,면적,4220659,4211278.9,4201379.9,4110843.9,4089900.3,4055643.3,4044056.3,4013897.4,4001300.6,3999729.4
강원,속초시,답,면적,4415807,4394021.2,4368088.2,4132029.2,4063039.1,4018792.1,3953420.1,3914944.5,3885263.5,3860213.2
강원,속초시,묘지,면적,14553,14553,12944,12944,12901,12801,12801,12801,12801,11889
강원,삼척시,계,면적,1186532913,1187087625,1186997758,1186955787,1187155923,1187839038,1187808257,1187805137,1187827624,1187836727
강원,삼척시,전,면적,56591783.3,56538884.9,56459799.9,56405335.9,56474427,56473337.5,56356017.5,56107915.2,55882989.7,55743656.4
강원,삼척시,답,면적,15421520.4,15372828.3,15158277.2,15112082.8,15003146.7,14948101.7,14906001.6,14772384.6,14721635.1,14680113.4
강원,삼척시,묘지,면적,521709.6,521568.6,520758.6,520269.6,519049.6,519641.6,519814.4,520152.4,520581.4,520267.4
강원,홍천군,계,면적,1819768170,1819829903,1820144860,1820278032,1820182075,1820310463,1820343873,1820515777,1820581131,1820572726
강원,홍천군,전,면적,106086075.8,105891048.6,105503351.7,105594130.1,105866872,105587526.6,105675704,105724592.9,105613215.4,105547926.6
강원,홍천군,답,면적,58612520.3,58247343.7,57807084,57138169.3,56580475.9,56318535.5,56182906.6,55935190.7,55567982.4,55308718.2
강원,홍천군,묘지,면적,474611,473162,482734,486924,490010,492844,493153,498602,499209,505414
강원,횡성군,계,면적,997661894.7,997732131.7,997747189.8,998098360.7,998060941.8,998066555.9,998067061.3,998001971.2,997941905,998002199.2
강원,횡성군,전,면적,86648750.4,86614862.9,86402174.2,86625768.2,86766536.7,86703356,87099426.5,87069815.2,87059634.5,86805318.5
강원,횡성군,답,면적,49474036.9,48632262.8,48168258.2,47662460.1,47422869.3,47076464.6,46714879,46402684.4,46168317.2,45783203.5
강원,횡성군,묘지,면적,859068.3,859304.6,854942.6,857529.5,860629.5,861952.5,861218.6,860834.6,847240.5,846001.5
강원,영월군,계,면적,1127638642,1127618097,1127615087,1127635483,1127425215,1127289701,1127324866,1127307392,1127330773,1127407715
강원,영월군,전,면적,82219751.2,82200631.5,81807127.3,81266635.5,81437461.6,81374854.3,81367963.2,81215382.1,81036840.3,80805317.6
강원,영월군,답,면적,14671565.1,14486414.9,14379784,14173766.1,14063406.8,13947307.6,13840976,13694971.8,13574578.3,13456393.4
강원,영월군,묘지,면적,571102,571067,570184,570372,569058.9,560279.9,560735.9,558711.9,561997.9,548724.9
강원,평창군,계,면적,1463765961,1463828031,1463831419,1463894644,1464050364,1463928054,1463955084,1463948606,1464186613,1464257647
강원,평창군,전,면적,122828872.2,122497862,122266047.3,122653109.1,122727284.6,122734496.8,122595289,122216895.4,121855092,121544050.3
강원,평창군,답,면적,16287698.4,16095765.2,16008941.7,15951809.5,15743186.1,15625878.1,15532090.4,15415893.1,15330378.9,15096324
강원,평창군,묘지,면적,453660,438695,436697.9,435892.9,435787.9,437578.9,439216.9,441303.9,431218.2,431212.2
강원,정선군,계,면적,1219720714,1219727075,1219735834,1219774520,1219774230,1219777975,1219861455,1219864655,1219878441,1219781214
강원,정선군,전,면적,99310531.5,99269030.9,99185971.9,99056605.3,99146808.6,98952533.8,98850778.2,98613961.7,98522193.8,98327398.9
강원,정선군,답,면적,7868931.1,7824093.2,7791105.2,7769331.2,7736826.6,7695749.2,7644314.2,7605090.7,7583402.7,7542501.4
강원,정선군,묘지,면적,421301,418697,417127,415424,414320,414047,449652,449404,448478,447044.6
강원,철원군,계,면적,889425756.7,889458111.3,889457459.3,889473417.3,889471492,889682310.5,889693623.9,889691762.9,889702639.6,890129726.8
강원,철원군,전,면적,85419239.8,85126196.4,84859151.9,84656433.2,84551668.3,84508467.4,84370329.7,84240172.9,84172997.9,84106498.6
강원,철원군,답,면적,123329869.1,122830352.6,122953301.8,122864326.8,122865421.3,122621700.7,122607033.3,122475164.9,122416104,122211234.7
강원,철원군,묘지,면적,663088.9,662891.9,662831.9,660686.1,664163.1,663568.1,662711.1,819926.1,820041.6,820041.6
강원,화천군,계,면적,908969956.6,908918126.2,908933858.3,908922135.3,908924948.7,908931855.5,908933903.4,909081025.3,909111995.2,909094532.5
강원,화천군,전,면적,42182844.3,42137585.5,42128465.5,42129374.7,42289682.7,42116336.1,41965274,41761253.6,41648400.5,41543082.7
강원,화천군,답,면적,17071557.2,16967749.2,16890038.6,16780709.9,16720133.9,16668680.3,16623102,16492959.5,16421805.5,16363697.2
강원,화천군,묘지,면적,258811,256501,256501,256501,256432,255368.4,255368.4,255110.2,255309.2,254561.2
강원,양구군,계,면적,661887502,661889821.3,661839242.3,661814926.1,661815918.2,661819105.6,661967034.6,661998591.1,661981910.5,661991726.8
강원,양구군,전,면적,48263081.8,48236103.7,48180439,48052443.4,47925980.9,47738097.3,47630976.9,47448566.4,47373214.3,47312428.9
강원,양구군,답,면적,25748829.3,25634832.6,25410249.6,25320818.1,25105892.5,25057507.5,24909677.4,24780242.2,24627831.2,24547082.6
강원,양구군,묘지,면적,364614,363652,363587,360919,359841,359841,360021,352916.9,345243.5,345428.2
강원,인제군,계,면적,1645145635,1645174947,1645196111,1645179453,1645178635,1644967141,1646099212,1646079480,1646193854,1646197571
강원,인제군,전,면적,55496829.2,55231499.6,54812963.7,54633074.7,54100417.8,53702778.7,53484641.5,53228223.8,53039699.8,52856695.2
강원,인제군,답,면적,15642303.3,15516374.7,15344575.6,15213093.6,14975296.2,14852772,14768179.8,14695668.9,14597016.4,14453757.4
강원,인제군,묘지,면적,149613,152615.5,152141.5,153601.5,149510.5,149530.5,148640.5,149477,149954,150149
강원,고성군,계,면적,661099299.8,661113075.7,661099081.5,660858940.3,660871394.3,660707506,660747833.7,660751975.5,660766036.4,660766514.4
강원,고성군,전,면적,17821207.4,17788111.5,17825061,17782558.4,17849124.1,17861818.8,17849929.5,17782578,17792818.5,17805748.6
강원,고성군,답,면적,38450767,38281139.4,38289254,37992039.6,37788355,37653416,37397909.6,37117440.7,36981805,36881629.6
강원,고성군,묘지,면적,375450,375422,375486,371596,372569,367386,367486,365303,365419,365070
강원,양양군,계,면적,629863736.8,630077832.1,630086514.4,630095218.4,630087442.6,630079402.5,630005132.2,629689382.2,629750400.5,629777061.9
강원,양양군,전,면적,23795717.7,23784056.4,23900127.6,23661403.8,23544982,23593342.3,23653073.6,23740088.1,23644947.6,23652096.1
강원,양양군,답,면적,28180482,27846628.4,27769479.6,27468574.4,26849023.3,26683524,26537363.4,26330519.7,26145459.3,25982529.6
강원,양양군,묘지,면적,176293,177994,172648.4,174646.4,284541.4,287923.4,290090.4,292535.4,288781.4,282599.4
충북,충북,전,면적,653950677.8,649257861.7,644926668,644058209.9,644073901.8,641623663.7,639807533.9,638225556.6,635829450.8,633947597
충북,충북,답,면적,637514518.3,631293235,626255450.6,621279324.4,617535477.1,613686454.5,609864395.8,605562898.6,602043618.1,598535633.6
충북,충북,묘지,면적,18993147.8,18911544.9,18899709.7,18843631.6,18861175,18961860.3,18992058,18928852.8,19450998.8,19448992.5
충북,청주시 상당구,계,면적,404417074.8,404409859.9,404403961,404414729.6,404450145.8,404362103,404333660.8,404307960.3,404282679.2,404262292.7
충북,청주시 상당구,전,면적,32428349.5,32410381.4,32428041.8,32451037.1,32477129.7,32504669.5,32472853.2,32245054.1,32226659.4,31623385.8
충북,청주시 상당구,답,면적,36467390.1,36325969.1,36200228.7,36095895.6,35943824,35738751.8,35622450.6,35016355.6,34872302,34024219.5
충북,청주시 상당구,묘지,면적,1285526.9,1286623.9,1284355.9,1286916.9,1286355.9,1285092.9,1285723.2,1288113.2,1287187.7,1283571.7
충북,청주시 서원구,계,면적,122598211.8,122612507.5,122627067.4,122624799.6,122641581.4,122634639.6,122648403.5,122656704.4,122657238.1,122673863.5
충북,청주시 서원구,전,면적,11395425.1,11317049.2,11236805.8,11237418.3,11291528.1,11253320.8,11246360.9,11202560.9,11136215.7,11038553.7
충북,청주시 서원구,답,면적,16391549.2,16185510.5,16074199,15956899.4,15849747.1,15732437.2,15588726.6,15474361.9,15292737,15127634.2
충북,청주시 서원구,묘지,면적,366343,358331,357122,355002,350889,336890,336684,338816.8,336979.8,330249.3
충북,청주시 흥덕구,계,면적,198318937.8,198316247.6,198336066.9,198814355.1,198817676.8,198804526.7,198823745.3,199035929.5,199082867.2,199109689.8
충북,청주시 흥덕구,전,면적,21852946.5,21759803.7,21770658.6,21207672.2,21268757.3,20477588.3,20335227.3,20100131.7,20013701.6,19999667.9
충북,청주시 흥덕구,답,면적,40282800.1,40015977.9,39784733.9,38688799.5,38282746.5,37215215.5,36949029.2,36448616.8,36284819.6,36038407
충북,청주시 흥덕구,묘지,면적,522573,519829,511493,467915,461224,457431,457674,411324,409566.8,412000.8
충북,충주시,계,면적,983583416.6,983569448.6,983549989.7,983525195.2,983490947.7,983477554.9,983594339.2,983618695.9,983673931.2,983257122.9
충북,충주시,전,면적,81963106.7,80630802,78805039.4,78747224.3,78733721,78480742.6,78455665.3,78318539.8,78226416.3,78234674.2
충북,충주시,답,면적,82432374.2,80886659.3,80071984.7,79530804.2,78923429.8,78341031,77980210.5,77471931.2,77188262.9,76817736.3
충북,충주시,묘지,면적,2064745.2,2046300.2,2034891.1,2029030.1,2030876.1,2028209.1,2032564.1,2032815.1,2580202.9,2590151.9
충북,청주시 청원구,계,면적,214976759.4,214961519,214962560.3,214947693.4,215001568.9,215043254.3,215010205,214994856.3,215004723.1,215008369.2
충북,청주시 청원구,전,면적,25553129.2,25413916.3,25090827.8,25071704,24971044.6,24843372.5,24640507.6,24483674.9,24362657.7,24186554.3
충북,청주시 청원구,답,면적,43081980.8,42891446.4,42438101.9,42267640.6,41782019.3,41533736.8,41288557.7,41077057.6,40874545.3,40664044.5
충북,청주시 청원구,묘지,면적,344199,338554,332775,332844,333938,333924,338154,333824,328028,335808
충북,제천시,계,면적,883439033.7,883468041.6,883535903.8,883397742.4,883435259.9,883422112.5,883490515.3,882766070.8,882767553.1,882770985.2
충북,제천시,전,면적,76114164.6,75882304.8,75628197.3,75527189.4,75625801.2,75335774.8,75230640.1,75111702.6,74962141,74690197.2
충북,제천시,답,면적,35055604.7,34685876.7,34349155.5,34114772.9,33890822,33575890.8,33354285.8,33050820.1,32796808.2,32498365.8
충북,제천시,묘지,면적,2017287.3,2010460.4,2038855.4,2035424.1,2033812.4,2034508.4,2035753.4,2027958.2,2027024.8,2009404.1
충북,보은군,계,면적,584255800.1,584257108.4,584301825.7,584221931.9,584160690.4,584207530.4,584207828.3,584204456.8,584257746.1,584262399.1
충북,보은군,전,면적,51541823.7,51527735.7,51285191.7,51304463.7,51363964.3,51368164.4,51200272.7,51282476.4,51290399.7,51300375.7
충북,보은군,답,면적,59791642.7,59655015.3,59376718.9,59242822.6,59023607.1,58913869.5,58392401,58272439.6,58090096,58064956
충북,보은군,묘지,면적,1470175,1469802,1471092,1468274.8,1468954.8,1471962.3,1467033,1470330.5,1467180.2,1458064.2
충북,옥천군,계,면적,537092206.9,537110961.7,537124165.6,537170226.3,537208418.6,537221175.1,537252322,537283906.5,537338897.9,537283275.4
충북,옥천군,전,면적,55683456.5,55662334.7,55615065.6,55784711.9,55718153.8,55617875.7,55492779.8,55401655.1,55273464.2,55095558.6
충북,옥천군,답,면적,44914226.9,44616199.4,44320042.1,43979469,43814039,43638874.4,43377217.5,43182067.7,42924154.6,42619104.4
충북,옥천군,묘지,면적,1669498.6,1673557.6,1672285.6,1674336.6,1672086.6,1669867.4,1673547.4,1676688.4,1670260.4,1672034
충북,영동군,계,면적,845614026.6,845724360.9,845843825.4,845960442.8,846032724.3,846016197.8,846053885.5,846638524.6,846799093.1,846906526.9
충북,영동군,전,면적,51618106.8,51525307.8,51341903.2,51283249.8,51054190.8,50936283.8,50846119,50845544.1,50785065.1,50734925.8
충북,영동군,답,면적,53897192.3,53673889.9,53378373.9,53190524.9,52784330,52609601.9,52382409.7,52133049.1,51908433.7,51752706.6
충북,영동군,묘지,면적,1621827.8,1618321.8,1617194.8,1617264.8,1617363.8,1609573.8,1635494.8,1635970.8,1639591.8,1638448.7
충북,증평군,계,면적,81825150.5,81812971.5,81804394.5,81802190.5,81805037.8,81797648.4,81805395,81803183.6,81804533,81802888.4
충북,증평군,전,면적,9800921.3,9768576.7,9518530.5,9505525.5,9513902.4,9499714.2,9499006.9,9452194,9401899.5,9416305.8
충북,증평군,답,면적,13865621.4,13772677.1,13533004.6,13448679.9,13363077.4,13271484.6,13177211.4,13073924.1,13030364.8,12954801.7
충북,증평군,묘지,면적,132942,132942,132258.1,134178.1,137929.8,139106.8,143036.8,143124.7,143572.8,143789.1
충북,진천군,계,면적,407248845.4,407256586.8,407238785.7,407251212.8,407244202.6,407303348.2,407329962.3,407320025.6,407396753.9,407384399.9
충북,진천군,전,면적,35628351.3,34632380.1,34228315.1,33958647,33965787.1,33875986.2,33423912.9,33246729.2,32892352.8,32834062.4
충북,진천군,답,면적,61163012.5,60161401.5,59679948.6,58991163.1,58823516.4,58691301.5,58156227.9,57810534.9,57492658.3,57330528.8
충북,진천군,묘지,면적,941156,933558,930433.4,934451.4,938708.4,936640.4,927717.2,922970.2,925654.2,928303
충북,괴산군,계,면적,842420940,842344425.8,842190364.6,842157983.6,842156667.4,842189019.8,842141681.8,842076248.1,841983973.1,842010687.5
충북,괴산군,전,면적,75309782.9,75210289.5,74987475.8,75424104.7,75501695.5,75280156,75363583.7,75373238.5,75296348.5,75340612.2
충북,괴산군,답,면적,60013500.6,59744319.2,59196032.1,58445063.8,58144767,57877789.8,57554769.5,57162615.7,56833586.6,56500279.3
충북,괴산군,묘지,면적,1393210,1392884,1396180,1398431,1406728,1538350,1537771,1526013.4,1528949.9,1535823.9
충북,음성군,계,면적,520278822.7,520267640.3,520259546.5,520233403.4,520204363,520182165.7,520165047.7,520136076.4,520121744.2,520122607.8
충북,음성군,전,면적,63901166.7,62480144.7,62086383.8,61629971.2,61619611,61269506,60835880.5,60522358.7,59533337.2,59296545.1
충북,음성군,답,면적,76967899.5,75609667.6,74867057.2,74422161.1,74124618.1,73807345.7,73348003.6,72776480.9,71897659,71632379.5
충북,음성군,묘지,면적,2117709,2084212,2079564,2094592.4,2106942.4,2105432.4,2105594.4,2105952.8,2093474.8,2097313.7
충북,단양군,계,면적,781062281.4,781105288.3,781114313.8,781147472.5,781197250.2,780158659.6,780097853.7,780146055.7,780227705.3,780153231.8
충북,단양군,전,면적,61159947,61036835.1,60904231.6,60925290.8,60968615,60880508.9,60764724,60639696.6,60428792.1,60156178.3
충북,단양군,답,면적,13189723.3,13068625.1,12985869.5,12904627.8,12784933.4,12739124,12692894.8,12612643.4,12557190.1,12510470
충북,단양군,묘지,면적,3045955,3046169,3041209.4,3014970.4,3015365.8,3014871.8,3015310.7,3014950.7,3013324.7,3014030.1
충남,공주시,계,면적,864255436.1,864197463,864192489.7,864209647,864195334.4,864152740.3,864149384,864140568.1,864147418.8,864163698.5
충남,공주시,전,면적,54961020.6,54627443.9,54583694.5,54410945.5,54447827,54107186.7,54036934.7,54051764.5,54093408.5,53991702.7
충남,공주시,답,면적,103905531.3,102832112,102504766.9,102199687.2,101942900.3,101067876.8,100649835.2,100132610.9,99805932.8,99606575.5
충남,공주시,묘지,면적,2746248,2725965,2728792,2729700,2732760,2730492,2724954,2727596.9,2723030.9,2727964.2
충남,보령시,계,면적,569420623.8,569403169.6,573775191.3,573896411.3,574075175.4,586558276.7,586744614.4,586925833.5,586873806.9,586861155.9
충남,보령시,전,면적,42377771.7,41945366.7,41799304.9,41673466.4,41708217,41634825.9,41408875.7,41367618.8,41157692.5,41092263.7
충남,보령시,답,면적,103394374.8,102337971.8,103853248.8,103180769.7,102899506.2,102655951.8,102303024.2,101951143.4,101628297.4,101439317.3
충남,보령시,묘지,면적,1763722.6,1761546.6,1754945.6,1744207.6,1744631.6,1745391.8,1750691.8,1752034.8,1756951.6,1759388.8
충남,천안시 동남구,계,면적,438442071.6,438453065.9,438364870.8,438357201.6,438336314.7,438386771.6,438387713.9,438417460.7,438413002.9,438392065.4
충남,천안시 동남구,전,면적,35655872.4,35422373.3,35292817.2,34975968.3,34842398.9,34775277.6,34668820.6,34541565.2,34380491.4,34217228.4
충남,천안시 동남구,답,면적,56519805.5,56153980.7,55913593.2,55282144.2,55066419.7,54859465.7,54662910.9,54336419.1,53945626,53542992.5
충남,천안시 동남구,묘지,면적,2177360,2176399,2176602,2173399,2171363.9,2169489.9,2172502.9,2172661.1,2171180.4,2173775.4
충남,아산시,계,면적,542169462.5,542235646.4,542241255.3,542623902.5,542786824.7,542795755.6,542850911.2,542776131.8,542777226.8,542798392.5
충남,아산시,전,면적,57086039.9,56854317.5,55562317.9,55253267.6,54758361.6,54556725,54399920.5,54243173.9,53879821.2,53550931.8
충남,아산시,답,면적,130990371,130120550.7,127967919.4,126588868.7,125829565.3,125067370,124227564,123626375.3,121407419.7,120487235.2
충남,아산시,묘지,면적,1434325.3,1436407.3,1397829.3,1408136.3,1407032.3,1404555.3,1403442.3,1409585.9,1415080.6,1406445.6
충남,천안시 서북구,계,면적,197674441.3,197685906.1,197700607.7,197721326.6,197683726.7,197695942.9,197706346.9,197733511.9,197744342.2,197761302.4
충남,천안시 서북구,전,면적,19180148.1,19469700,18453662.7,18116403.8,17910472.9,17702473.3,17597970.8,17341400.4,17224617.9,17130581.7
충남,천안시 서북구,답,면적,41788701.3,40974245.1,40527600.9,39813135.4,39366355.4,39072332.4,38922759,38515276.3,38273147.3,37908236.4
충남,천안시 서북구,묘지,면적,735113,735113,666833,661394,660466,658811,655287,653700,656405,626562
충남,서산시,계,면적,740815814.8,741186337.2,741214798.3,741304976.3,741308859.2,742026667.8,742144887.2,742179548.1,742284044.9,742278696.2
충남,서산시,전,면적,79157647.1,78970787.1,78573394,78517033.1,78638425,78449496.5,78341760.4,78168535.8,78152349.2,78062033.2
충남,서산시,답,면적,196179398.9,195853054.4,195357751.1,193646330.8,193387946.6,192753854.1,192288432.1,191664197.8,190780567.1,190535740.9
충남,서산시,묘지,면적,2678457.8,2666224.6,2662276.6,2656569.6,2656069.8,2657183.8,2658707.8,2658121.8,2658387.8,2655407.8
충남,논산시,계,면적,554731137.4,554752851.5,554747848.3,555178611.3,555161063.3,555580413.2,555623976.3,556200344.6,556213266.9,556254925.9
충남,논산시,전,면적,54607805.1,54184129.4,53933265.7,53729391.7,53701552.7,53406965.8,53151736,52829186.6,52638584.2,52465580.9
충남,논산시,답,면적,150827409.5,150296074.9,150038025.7,148453528.7,148154831.5,147521162,147123343,146624379.1,146237606.6,146060965.1
충남,논산시,묘지,면적,1682083,1711151,1711582,1704368,1697905.5,1696960.5,1705868.4,1708092.4,1707377.1,1709939.1
충남,계룡시,계,면적,60716082,60722522.4,60722636.9,60721047.9,60721465.9,60698854.8,60698957.8,60698550.7,60692129.5,60694408.2
충남,계룡시,전,면적,3171259,2718853.1,2717207.4,2670064.4,2663263.8,2570554.7,2558106.7,2554832.2,2537924.2,2542421.1
충남,계룡시,답,면적,4794954,3919641.4,3895200,3841592.3,3826224.2,3576038.8,3557010.9,3537528.1,3497112.9,3465328.2
충남,계룡시,묘지,면적,121384,121384,121384,120608,120608,114052.9,113715.9,113715.9,113715.9,113637
충남,금산군,계,면적,577113969.4,577141243.8,577179229.7,577206741.4,577221681.1,577237129.3,577202252.2,577139923.9,577235125,577213103
충남,금산군,전,면적,50883680,50816180.5,50717361.8,50693501.2,50731586.6,50646171.5,50645038,50563970,50454252.7,50363703.7
충남,금산군,답,면적,56015863.4,55699652.3,55467401,55288490.8,55094914.5,54917704.7,54595018.5,54329557.7,54064650.7,53846899.7
충남,금산군,묘지,면적,1083122,1076823.3,1071085.1,1072558.8,1069170.8,1078317.8,1083695.8,1089875.3,1235720.2,1273147.2
충남,부여군,계,면적,624358552.4,624183864.4,624527880.5,624534705,624524030.6,624534629.9,624614667.9,624616922.1,624630717.1,624654249
충남,부여군,전,면적,45800048.9,45781917,45666387.4,43736921.2,43816154,43664071.2,43598623,43410233.4,43341452.4,43369054.1
충남,부여군,답,면적,149081921,148844711.3,147972136.5,147547770.9,147240180.3,147025311.3,146484243.3,146113092.2,145917242.5,145823174.9
충남,부여군,묘지,면적,2759111,2736892,2732840,2726207,2730654,2731719,2729699,2760983,2760356,2759505
충남,당진시,계,면적,704253983.6,704160410.1,704259627.1,704435299.1,705395320,705424109.2,705478944.8,705528041,705531629.2,705624199.4
충남,당진시,전,면적,70488811,70220024.5,70105344.4,69856264,70093101.4,70046923.9,70079307.9,70117527.3,70006765,69828615.1
충남,당진시,답,면적,213884657.9,212936672,212147830.3,211720498,211301037.1,210788837.4,210309826.8,209853728,209386363.7,208881211.1
충남,당진시,묘지,면적,1961476,1947180.2,1937387,1932618,1915276,1911772.6,1915530.6,1918945.6,1917872.7,1914691.1
충남,서천군,계,면적,358110171.5,358075120.7,365618939.3,365705778.9,366143329.1,366115806.4,366132083.9,366129859.8,366120490.4,366124029.7
충남,서천군,전,면적,32172686.9,32063453.2,31856450.4,31812525.6,31806395.3,31785405.7,31510267.2,31463875.9,31447388.3,31433917
충남,서천군,답,면적,105659390.8,105180608.3,109104562.4,108713603,108415763.2,108159946.2,107422698.8,106850769.3,106675554.1,106419831.2
충남,서천군,묘지,면적,1935754.4,1935171.1,1928856.8,1916692.8,1867703.2,1856466.8,1852924.8,1850744.8,1846383.8,1843873.8
충남,청양군,계,면적,479214253.2,479207001.5,479202144.1,479114992.3,479112196,479099965.1,479098490.8,479112594.3,479147363.9,479251282.8
충남,청양군,전,면적,35235747.2,35264876.1,35102727.8,35018786.9,34857671.3,34765580.9,34709301.1,34743773.6,34708373.8,34699921.9
충남,청양군,답,면적,71384953.9,71295544.6,70823893.6,70652881.6,69934894.2,69811988.1,69667000.4,69541327.9,69299518.4,69174661.1
충남,청양군,묘지,면적,1442801,1446209,1430185,1429618,1427901,1422608.6,1422112.3,1423847.3,1423727.5,1423645.5
충남,홍성군,계,면적,443978581.3,443978647.6,443988849,442873861.1,444076349.4,446698483,446695187.2,446697081.4,446706425,446693929.8
충남,홍성군,전,면적,61191794.1,61044482.1,60183687.5,59551174.6,60391530,60378291.2,60296674.5,60146667.3,60058088,59985436.6
충남,홍성군,답,면적,99971325.5,99731033.8,98097126.2,97722324.1,97699939.2,97563923.6,97208210.7,96804850.5,96584223,96502295.4
충남,홍성군,묘지,면적,2131761,2122259.9,2118386.9,2112537.9,2087577.9,2080160.1,2076837.1,2070686.1,2069516.1,2065873.8
충남,예산군,계,면적,542344349.8,542571103.1,542622150.6,542664455.1,542627549.4,542648184.5,542660701.6,542701274.7,542716962.8,542721271.5
충남,예산군,전,면적,57986177.5,58099714.8,57539810.3,57447912.8,57814473.8,57708199.7,57619688.9,57501470.8,57527691.4,57186848.7
충남,예산군,답,면적,122734804,120797804.6,119812212.5,119200765.8,118938611.1,118631832.7,118308933,118051736.2,117763409.2,117474945
충남,예산군,묘지,면적,1631794,1624398,1614675,1613936.9,1620174.5,1620978.5,1621803.5,1607548.5,1606726.5,1797419.5
충남,태안군,계,면적,516081834.7,516034685.4,515780748.1,515825061.2,515830141,515886989.8,515979114.5,515962758.5,515978519.7,516049292.5
충남,태안군,전,면적,64347332.3,64280188.3,64235526.3,64124453.4,64322410.2,64302136.2,64291715.5,64369672.3,64508605,64494803.8
충남,태안군,답,면적,114624036.6,112968846.8,112596346.6,112209998.7,111867382.1,111726799.3,110011781.1,109701141.9,108773239.7,108590168.2
충남,태안군,묘지,면적,883211.3,881179.3,874678.9,863393.9,856021.9,854584.9,849155.9,846713.9,817160.9,817519.9
전북,전주시 완산구,계,면적,94648821.2,94611684.3,94608952.5,94551690.7,92538627.3,92504967.6,92504946.8,92502324.2,92506105.1,92491805.7
전북,전주시 완산구,전,면적,5723874.3,5440929.2,5360926.2,5323010.4,5156559.1,4969504.2,4946759.4,4928890.7,4914636.8,4889700.4
전북,전주시 완산구,답,면적,11894422,11196118.3,11103858.3,10975804.9,10814314.6,10585276.1,10475486.1,10393705.7,10334224.7,10259552.2
전북,전주시 완산구,묘지,면적,244900,231674,233634,235334,233835,234659,244071,244071,244098.4,243940.7
전북,전주시 덕진구,계,면적,110920661.4,110919517.8,110920223.8,110932798.4,113541968.7,113535873.4,113538487.7,113514416.5,113516825.5,113518399.3
전북,전주시 덕진구,전,면적,11252280.6,11398635.7,11279041.7,10387685.5,10384130.4,10271737.9,10230094.9,10165814.8,10054878.4,9927321.8
전북,전주시 덕진구,답,면적,28780028.9,28249334.9,27839741.8,26925954.3,26799458.9,26359661.6,26225358.6,26050934.7,25898942,25739331.2
전북,전주시 덕진구,묘지,면적,168471,165834,161839,129047,128023,126391.4,126391.4,126391.4,126391.4,126625.8
전북,군산시,계,면적,395852138,395856036.2,396165102.1,396408258.7,396422705.4,396683442.4,397267506.9,397454458.1,397946225,398018926.5
전북,군산시,전,면적,20476827.6,20427317.2,20402961.9,20412205.1,20372115.2,20278662.6,20199404.9,20157260.3,19872815.9,19615937.7
전북,군산시,답,면적,133250067.4,132972450.8,131889457.4,131654685.5,131719369,131175032,130810102.3,130399035.2,129771634.3,129449934.3
전북,군산시,묘지,면적,1179312.3,1175909.3,1174613.3,1170315.3,1168412.3,1207276.9,1205537.4,1204200,1199973,1201169
전북,익산시,계,면적,506528766.6,506544143,506534748.7,506542148.2,506541233.2,506537047.4,506553040.1,506574852.2,506585236.3,506591799.6
전북,익산시,전,면적,54786786.5,54668051.5,54387498.6,53930018.2,53304209.5,52895661,52651310.6,52396182.5,51979005.9,51562936.8
전북,익산시,답,면적,201846480.6,201340940.5,200762184.5,199700166.4,198653440.6,197624673.1,196595177.5,195882162.5,194791468.1,193866468.5
전북,익산시,묘지,면적,1545929.7,1544487.7,1536567.7,1530186.4,1514911.4,1503251.2,1494731.6,1494840.2,1489139.4,1490442.4
전북,정읍시,계,면적,692781405.2,692844200.1,692864000.8,692913392,692964294.8,693039120.7,693070128.8,693097193.9,693228628.6,693295818.9
전북,정읍시,전,면적,73952290.8,73850057.2,73598295.7,73467854.5,74129118.1,73915309.6,73408691.8,72742074.6,72214147.8,71866838.8
전북,정읍시,답,면적,176188737.8,175836934.8,175601681.5,174126697.6,173574988.7,173209350.2,172509865.6,171782195.7,170993517.1,170558472.8
전북,정읍시,묘지,면적,1945720.9,1943225.5,1944154.5,1970256.7,1966334.5,1966618.5,1968247.3,1972427.3,1952797.9,1955536.9
전북,남원시,계,면적,752198046.8,752199662.7,752205853.7,752231830.1,752212995.6,752191724,752205529.4,752183179.4,752177155.9,752092736.8
전북,남원시,전,면적,40660269.2,40796324.7,40726759.1,40836640.5,41073273,41048192.7,41028306.3,40680043.4,40580136.1,40430591.3
전북,남원시,답,면적,127106383.9,126307738.6,125974198.5,125634580,125021210.5,124865928.4,124485606.1,123794096.7,123497623.2,123166280.5
전북,남원시,묘지,면적,1409351.7,1397102.7,1395218.6,1396357.6,1389755.6,1387413,1384437,1383633.6,1383242,1384267.3
전북,김제시,계,면적,544807780,544754026.8,545870171.9,545851800.7,545842790.9,545864267.6,545871142.6,545891511.3,545950548.6,545983690.3
전북,김제시,전,면적,55895785.7,54733862.7,54471952.2,54205830.8,53961201.2,53439470.4,52824779.8,52679379,52538147.3,52320095.9
전북,김제시,답,면적,222278482.3,219687194.1,218608938,218212520.9,217692340.1,217023822.2,216330642,215615486.2,215214557.1,214717056.8
전북,김제시,묘지,면적,3069715,2996945,2984853,2974088,2959061.3,2960840.8,2970118.1,2967052.6,2945779.2,2928694.5
전북,완주군,계,면적,820989544.1,820969405.2,820984475.1,821081051.5,821040451.1,821055308.9,821113198.9,821130110,821277408.2,821380177.7
전북,완주군,전,면적,45118385.2,45617312,45471971.5,45455374,45549170.2,45231942.7,45245538,44551018.4,44349283.4,44232241.9
전북,완주군,답,면적,83194704.8,81659263.6,81137845.4,80498991.8,80204858.4,79798191.7,79327475.1,77475904.9,77036160,76625496.2
전북,완주군,묘지,면적,1125902,1131235,1129532,1129821,1129696,1131843,1310834.1,1308139.1,1313009.1,1316468.1
전북,진안군,계,면적,789140309.8,789175441.6,789094748.3,789096018.9,789094249.7,789091739.3,789040428.6,789056198,789169158.3,789137227
전북,진안군,전,면적,40314571.1,40197345.5,40120403.2,40322565.8,40373252.7,40274009.1,40232508.1,40194629.8,40160323.5,40260169
전북,진안군,답,면적,47599492.5,47441095.8,47172896.1,47006414.9,46510446.1,46313785.8,46083827.7,45918734.8,45751917.6,45702113.6
전북,진안군,묘지,면적,1039667,1030370,1028788,1026976,1024764.6,1024048.6,1023679.7,1022574.7,1022781,1024986.2
전북,무주군,계,면적,631863205.2,631846586.9,631848157.5,631838290.4,631762402.5,631755525.3,631780979.4,632015644.6,632068020.1,632062889.5
전북,무주군,전,면적,36926947.3,36721255.2,36668797.7,36516320.1,36637200.8,36615717.7,36610671.3,36600663,36589182.2,36582752.1
전북,무주군,답,면적,31813833.8,31539359.3,31416153.6,30955712.3,30785859.2,30661480.3,30541558,30427019.1,30322480,30204666.7
전북,무주군,묘지,면적,1011134,1005278,1000770,1000073,999223,997639,997769,995701,989746,986900
전북,장수군,계,면적,533282036.1,533266486.8,533264337.2,533273138,533264290.7,533202165.5,533165492.5,533172364,533189513.7,533184421.2
전북,장수군,전,면적,30596721.2,30773724.8,30747195.8,30838618.5,31072605,31066529.4,30999613.5,30908040.4,30909404.4,30871715.6
전북,장수군,답,면적,47668897.5,47528220.1,47371849.8,47147372.4,47067423.2,46959195.7,46760911.5,46547991.5,46438869.3,46385996.1
전북,장수군,묘지,면적,829927,829716,829443,827268,826841,826315.9,825527.9,825014.7,821818.1,731348.9
전북,임실군,계,면적,597319860.1,597340032.4,597336613.2,597367625.3,597287447,597222768,597223324.2,597229911.9,597170138.9,597166636.9
전북,임실군,전,면적,41318228.4,41193201.2,41217973.9,41142153.2,41179801.9,41194614.8,41090139.7,41084722.3,41005439.8,41063842.5
전북,임실군,답,면적,60448594.2,60214206.7,60129559.2,59865565.6,59552513.6,59525191.3,59040891.7,58823989.3,58471869.4,58344518.9
전북,임실군,묘지,면적,1452366.1,1447819.1,1449919,1446784,1474849.5,1472148.5,1475202.5,1477642.5,1476167.5,1476148.5
전북,순창군,계,면적,495959156,495967250.6,495971739.8,495936567.9,495872596.3,495794066.8,495829503.1,495861782.9,495923926.3,495930524.4
전북,순창군,전,면적,37370734.7,37290415.6,37247533.1,37387873.5,37418280.2,37317743.1,37192699.6,37198597.6,37120246.7,37054582.7
전북,순창군,답,면적,73013953.6,72819940.7,72728237.3,72615771.9,72344178,71883690.7,71607397.8,71473800.4,71407472.6,71104085.1
전북,순창군,묘지,면적,1243508,1243990,1243295,1243607,1241106,1225494,1226401,1227565,1224628.3,1226664.6
전북,고창군,계,면적,607854811.7,607853265.4,607852052.2,607738006.9,607448733.3,607484716,607492704.2,607482949.5,607485857.9,607482126
전북,고창군,전,면적,93537066.1,93391947.7,93263249.7,93169751.6,93982357.6,93852975.8,93721150.1,93123263.5,93035834.8,92883610.1
전북,고창군,답,면적,141797906.2,141675539.9,141554595.6,141080481.8,140911721.5,140652529.5,140449570.6,140004494.7,139671562.7,139094242
전북,고창군,묘지,면적,2125391,2122013,2121358,2117229.6,2112640.9,2108806.9,2105228.9,2100196.9,2092814.9,2094331.9
전북,부안군,계,면적,493102814.1,492662375.6,493530176.8,493210923.8,493234731,493176246.6,493179324.6,494980438.8,494980896.1,495002213
전북,부안군,전,면적,53733345,53649691.2,53485519.9,53341831.8,53257696,52959208.6,52715450.3,52575340.2,52365422.1,52233535.8
전북,부안군,답,면적,142883727.7,142046581.5,141941529.8,141805889.2,141630508.3,141265799.7,140856501.4,140527465.3,140303460.9,140215283
전북,부안군,묘지,면적,1528528,1514028,1513010,1506180,1499162.5,1491318.5,1483425.8,1467312.8,1467720.3,1470675.4
전남,목포시,계,면적,50654254.4,51579088.3,51642751.1,51635536.8,51632536.1,51620811,51621494.2,51656908.5,51677738.6,51729833.5
전남,목포시,전,면적,7403095.8,7307843.8,7215450.8,6813797.3,6677000.2,6623016.8,6586103.8,6525232.1,6502514.7,6417027.5
전남,목포시,답,면적,2510589.7,2492573.7,2475729.7,2064958.9,2045679.8,1974825.8,1830366.8,1818060.8,1813815.3,1793360.3
전남,목포시,묘지,면적,124556,148375.6,168667.6,163805.6,163549.6,160963.6,160963.6,160464.6,160008.6,149395.6
전남,여수시,계,면적,508836884.3,508880000.4,510089767.5,510544179.2,510635689,512084271.6,512246833.9,512259113.4,512316609.1,512334186.9
전남,여수시,전,면적,66385322.5,65565560.5,64650454,64178788.6,64194596.8,64051064.2,63688253.4,63187067.9,63032521.5,62856749.2
전남,여수시,답,면적,41244470.8,40561539.4,39636820.8,39268842.3,39129673.8,38974206.5,38677793,38376899.6,38196440.3,38047511.5
전남,여수시,묘지,면적,1816520,1809771,1782725,1772024,1770946.1,1770759.8,1772164.8,1771968.8,1762176.9,1758508
전남,순천시,계,면적,910402929.1,910401531,910981883.7,910978216.2,910947389.6,911055037.8,911032630.8,910948821.4,910954975.7,911038479
전남,순천시,전,면적,55283146.5,55054059.8,54612205.2,54700535.5,55184645.2,54592279.2,54475433.8,54353821.8,54279685.9,54178020.6
전남,순천시,답,면적,106330087.2,105599487.2,104816388.1,104525197.9,104303567.9,103401769.7,103084581.2,102568529.7,101950784.3,101570009.7
전남,순천시,묘지,면적,1811802,1807423.1,1794125.1,1793180.1,1794842.1,1790231.1,1789128.8,1787944.5,1784021.5,1786999.6
전남,나주시,계,면적,608327428.5,608356913.6,608403906.1,608400380.4,608427763.3,608403003,608371961.7,608454037.5,608464582.4,608493760.3
전남,나주시,전,면적,63253866.3,62303079.3,61431932.4,61614134.1,62089404.8,62153652.4,61790550.2,61720164.5,61298027.6,60962697.3
전남,나주시,답,면적,154991758.9,151151891.3,149500527.8,149003050.5,148768771.9,148487287.6,147344962.8,146989529.5,146367102.1,145849622.3
전남,나주시,묘지,면적,1810019,1804205,1788746.6,1784431.6,1774949,1770615.9,1767591.9,1764698.9,1760752,1765619.5
전남,광양시,계,면적,460114743.5,462250653.1,463135735.6,463116198.4,463081076.1,463087470.5,464126135.3,464134691.9,464332739.1,464863826
전남,광양시,전,면적,18673235.8,18496262.8,18469241.8,18545076.5,19222395.2,19141049.4,18737002.4,18602607.7,18558516.3,18526090.9
전남,광양시,답,면적,48844582.6,48414474.6,47977251.6,47676233.8,47026262.5,46562371.4,45472040.4,45293185.3,44890667.2,44546159.3
전남,광양시,묘지,면적,1247181,1253568,1262957,1268972,1270174,1269287,1267878,1271614.8,1270640.7,1273095.7
전남,담양군,계,면적,455046761.6,455030150.4,455086445,455096496.9,455092183.4,455091602.5,455087431.5,455090119,455074167.9,455073501.6
전남,담양군,전,면적,25676792.3,25646138.9,25576939.9,25541435.9,25550228.9,25476255.6,25395058.6,25412024.3,25386528.6,25355611.9
전남,담양군,답,면적,81517358.5,81337199,80430760.8,80157177.8,79807072.2,79501343.8,78743560.6,78546190,78425665.4,78241331.4
전남,담양군,묘지,면적,1300311,1297789.7,1293408.7,1289309.7,1291993.7,1294772.7,1294667.9,1293540.9,1293357.1,1292463.1
전남,곡성군,계,면적,547457675.1,547456209.1,547470823.8,547478385.3,547460998.3,547467005.3,547501339.6,547506786.1,547326207.7,547292828.2
전남,곡성군,전,면적,28886971,28747815,28699451,28708509.9,28830811.6,28823018,28729156,28690215.7,28672188,28634419.7
전남,곡성군,답,면적,64233787,63881778.8,63765381.8,63643178.9,63560442.9,63476233.4,62951263.5,62877650.3,62684700.4,62607625.7
전남,곡성군,묘지,면적,1283411,1282215,1281920,1283208,1281957,1276537,1275513.3,1280218.1,1277874.1,1277814.1
전남,구례군,계,면적,443234635.2,443236000.9,443247135.9,443260500.7,443250623.7,443243406.6,442930120.8,442939195.5,442987239.1,442964539.6
전남,구례군,전,면적,18984771,18906484.7,18881471.2,18880236.3,19099144.4,19063901.4,19024154.2,18980625.8,18960848.3,18879239.9
전남,구례군,답,면적,41837688.9,41715055.6,41599941.6,41519336.4,41407121.2,41285414.5,41156154.5,41047128.9,40942491.5,40849526.2
전남,구례군,묘지,면적,601034,599790.9,597058.9,596642.9,596415.9,596859.9,596958.9,597266.9,598122.2,599181.6
전남,고흥군,계,면적,807335442.8,807328358,807352467.9,807348327.6,807351944.6,807372281.5,807325102.3,807318822.8,807386564.3,807174091.1
전남,고흥군,전,면적,81443853.6,81243870.6,81022086.6,80878250.5,81080769.5,80935924.6,80632125.1,80563898.9,80397822.7,80214952.5
전남,고흥군,답,면적,158216530.1,157928889.9,157697311.3,157441592.7,157298624.9,156933413.3,156651971.8,156304763.5,156084793.4,155793969.4
전남,고흥군,묘지,면적,1891178,1890642,1891472.6,1889798.6,1888194.6,1887060.6,1887006.1,1878086.8,1874558.4,1873218
전남,보성군,계,면적,663541618.9,663770334.3,663775387.5,663903341.4,664036146.9,664012341.5,664060900,664092340.6,664593648.6,664594623.5
전남,보성군,전,면적,48477193.2,48458471.5,48386863.7,48594763.3,48824183.6,48846294.4,48823085.4,48737040,48730045.6,48704408.9
전남,보성군,답,면적,111298118.6,111165952.7,110674202.2,110368023.8,110222242.3,110095768.4,110018021,109898269.6,109638599.9,109530646.6
전남,보성군,묘지,면적,1175740,1175740,1174620,1174204,1172449.3,1175279.3,1174715.6,1173575.6,1173583.7,1176983.8
전남,화순군,계,면적,786853871.4,786857085,786901642.9,786909882.3,787008253.5,787011712.5,787047897.4,787033097.4,787125449.8,787170147.4
전남,화순군,전,면적,48521801.9,48262916.9,48121784.9,48101792.9,48107526.9,47989652.4,47950038,47719827.2,47573398.4,47507942.7
전남,화순군,답,면적,73720042.8,73269897,72000111.3,71763715.6,71539085.9,71397435.3,71125772.5,70498247.1,70225194.4,70105748.9
전남,화순군,묘지,면적,2627678,2624423,2622194,2621674,2620428,2619627,2617400,2615895,2612210.9,2609415.1
전남,장흥군,계,면적,622406491.3,622474653.4,622466303.5,622322409.7,622350743.1,622342073.8,622347184.9,622370656.8,622378185.7,622375628.5
전남,장흥군,전,면적,33765802.1,33708194.9,33567782.3,33506372.2,33567630.9,33552079.1,33496808.5,33362726,33316977.5,33306317.4
전남,장흥군,답,면적,97779656,97537842,96653863.8,96570023.8,96481667.5,96280776.7,96050526.9,95793377.2,95639516.6,95536486.8
전남,장흥군,묘지,면적,1665390,1665777.3,1661444.3,1661469.3,1660736.3,1671291.5,1670765.5,1664352.5,1664215.5,1663162.5
전남,강진군,계,면적,500935206.1,500944798.9,500947768.2,500917925,500910568.7,500909508,500904327.3,500902277.3,500903961.5,500897659.4
전남,강진군,전,면적,31063346.7,31045298.1,31005541.5,31030790.9,30983047.1,30859343.1,30646865.2,30537387.2,30441701.6,30284074.5
전남,강진군,답,면적,109367865,109282397.1,109242475.7,109029564.9,108637518,108133559.9,107987881.9,107752249.4,107557594,107489883.6
전남,강진군,묘지,면적,1276539.9,1276210.1,1275230.1,1269514.2,1267250.2,1267392.2,1265377.2,1264544.2,1261694.7,1262372.4
전남,해남군,계,면적,1013144917,1013263921,1015428537,1031368963,1031329687,1031306018,1032962014,1043760227,1043838501,1045132640
전남,해남군,전,면적,122724924.1,122736279.1,122817786.7,122853860.4,123623175.1,123476739,123312990.7,123014480.9,122714781.2,122973348.9
전남,해남군,답,면적,227343766.9,226816398.6,227543165.3,227153405.4,227007108.9,226747582,226498956.7,234259364.9,234018018.7,233683043.2
전남,해남군,묘지,면적,3742835.9,3721912.8,3709643.8,3693357.8,3677205.9,3648513.8,3642276.9,3630490.8,3621238.8,3593368
전남,영암군,계,면적,603477822.1,603462872.6,604237407.2,604171129.2,612552324.5,612561438,612486830.3,612484981.3,612470575.4,612430494.4
전남,영암군,전,면적,60296198.7,60168052.2,60194783.5,60421438.4,61387366.1,61286302.8,60842680.1,60663907.6,60463618.8,60413504
전남,영암군,답,면적,160752641,160570253.3,160389979.8,160204365,160142430.4,159717841.9,159137893.1,158912749.6,158726976.4,158468217
전남,영암군,묘지,면적,1155116.2,1154403.2,1154394.2,1154018.4,1152468.9,1155034.1,1151105.1,1148834.1,1149561.1,1142803.1
전남,무안군,계,면적,449757964.5,449739334.1,449742062.8,449730899.1,449713138.6,449711043.9,450367945.2,450413372.4,450934201,450939981
전남,무안군,전,면적,93454970,93464294.2,93401065.2,93686225.5,94415865.5,94287571.1,94025038.4,93384820.9,92910707,92839983.1
전남,무안군,답,면적,88647538.6,88489662.9,88396710.7,88235437.7,88081835.3,87817934.8,87620451.3,87012889.1,86523903.7,86387412.2
전남,무안군,묘지,면적,928839.4,927775.8,926878.8,927166.5,925600.5,920479.2,921626.2,912365.2,907024.1,910136.5
전남,함평군,계,면적,392125599.6,392132055.9,392104601.9,392105946.9,392116246.3,392103012.3,392105980.6,392028292.1,392105613.7,392097680.3
전남,함평군,전,면적,48574556.7,48205428.2,48111707.6,48101304,48296475.4,48279326.9,48159774.2,47944296.2,47924398.8,47659082.2
전남,함평군,답,면적,89925710.2,89597717.5,89509921.3,89403942.7,89318350.8,89206690.9,89067764.9,88627462.5,88526543.1,88020399
전남,함평군,묘지,면적,356804.7,358809.1,360622.9,354485.9,356284.1,355000.7,355676.9,358083.3,366660.8,368922.2
전남,영광군,계,면적,474906834.8,474965445.3,475005618.6,474960399.2,474944847.8,474963093.3,474897021.4,474709878.4,474667278.4,474545549.9
전남,영광군,전,면적,60722658.6,60552327.9,60406876.7,60367289.4,60501824.9,60412618.1,60376844.4,60226602,60095750.4,59877640.9
전남,영광군,답,면적,114005745.7,113879454.9,113735027.2,113541107.3,113534189.7,113337361.8,113123248.4,113022370.4,112837734.8,112704897.9
전남,영광군,묘지,면적,633027.8,626012.8,625744.8,626749,606383.6,604865.1,603170.9,599630.9,594814.8,594358.6
전남,장성군,계,면적,518301836.1,518434823.5,518440202.4,518398911.3,518402401.5,518401901.1,518276074.7,518346245.6,518312348.8,518346998.2
전남,장성군,전,면적,35524758.9,35314078.5,34761037.4,34694341.2,34669731.9,34619311.4,34528098.3,34419059.7,34369363.6,34300924.6
전남,장성군,답,면적,81277521.6,80459079.2,79592435.7,79269109.9,78892722.1,78711043.6,78427595.1,78007131.2,77811450.1,77635728.6
전남,장성군,묘지,면적,1333190,1328118,1325232,1324132,1322808,1323435,1323466,1320014,1321289.1,1321699.1
전남,완도군,계,면적,396361872.4,396412727.4,396435244.2,396444767.2,396607799.5,396761181,396725536.6,396758495.6,396778898.3,396868127.1
전남,완도군,전,면적,53931304.7,53806192.8,53650687.8,53514975.7,53318177.7,53240222.6,53131379.3,53030344.4,52924719.3,52852753.2
전남,완도군,답,면적,36091557.4,35911058.6,35749831,35601626.1,35456683.1,35335080.1,35251844.1,35138130.3,35040150.8,34962705.5
전남,완도군,묘지,면적,1382225,1382353,1380365,1380277,1378809,1377913,1374597,1371477.8,1370574.8,1367248.9
전남,진도군,계,면적,440128982.6,440127292.5,440119111.5,440115631.2,440111574.2,440100025.3,440097365.7,440108677.8,440097915.1,440110817.4
전남,진도군,전,면적,55814413.1,55714231.7,55517331.7,55375765.4,55460569.8,55351654.9,55137949.4,55091105.7,54925208.3,54797124
전남,진도군,답,면적,73415533.1,73286585.1,73149635.3,72911720.9,72754945.2,72630157.6,72392064.1,72258304.1,72120128.9,72010220.5
전남,진도군,묘지,면적,1701667,1705906,1696217,1693776,1693740,1690143,1689876,1687864.4,1686995.5,1675453.3
전남,신안군,계,면적,655678116.6,655813186.9,655779513.1,655916743,655612036.8,655601236.8,655570474.5,655623136.3,655787798.4,655856939
전남,신안군,전,면적,107308834,107102023.1,107040647,106981809.4,107608483.5,107758714.4,107658013,107607700.2,107512890.8,107544806.5
전남,신안군,답,면적,104016735.8,104007983.2,103900690.7,103785596.7,103592719.7,103286317.7,103127311,102686007.7,102569288.3,102438426.8
전남,신안군,묘지,면적,2006569,2002878,1999184,2000591,1997974,1992344,1992605,1990121,1984699.5,1983443
경북,군위군,계,면적,614212872.3,614227463.8,614272011.8,614281575,614256199.5,614324742.2,614344848.8,614292534.8,614313926.9,
경북,군위군,전,면적,35974289.3,35969450.3,35907666.4,35894445.2,35871679,35805096.4,35576950.3,35521186.2,35472367.1,
경북,군위군,답,면적,42654554.9,42474977.9,42297922.1,42122536.5,41983083.5,41891307.4,41460229.3,41390195.3,41329908.2,
경북,군위군,묘지,면적,1623516.9,1621316.9,1620764.1,1616255.4,1659058.2,1658386.1,1659028.1,1657884.1,1677702.4,
경북,포항시 남구,계,면적,393939891.2,393955376.4,393997895.6,393994355.8,393993351.5,393905615.7,393982639.9,393994641.8,394056030.7,394048371.2
경북,포항시 남구,전,면적,23587749,23542749.5,23380145,23354933.7,23145459.7,22755719.1,22586191.7,22527154.3,22518466.4,21979740.7
경북,포항시 남구,답,면적,33338005,33089663.2,32689669.2,32480780.2,32189279.3,31754870.3,31527731.2,31406295.1,31338364.7,30557800.9
경북,포항시 남구,묘지,면적,1698755,1694261.9,1693059.9,1648475.9,1646770.9,1640897.9,1611833.9,1609318.9,1605053.9,1585314.9
경북,포항시 북구,계,면적,735927098.2,736005187.4,736007942.7,736016767.2,736056118.9,736172079.8,736484627.5,736573142.4,736723308.7,736672729.6
경북,포항시 북구,전,면적,38485359.7,38427824.7,38352293.1,38307889.9,38259067.9,38160848.2,38147205.7,38155902.5,38161192,37953048.5
경북,포항시 북구,답,면적,73250512,72801165.3,72572757.8,72367102.1,72024231.9,71803062.7,71553899,71404324.1,71239155.6,70698611.3
경북,포항시 북구,묘지,면적,2442150,2435945,2434490,2427014,2378656,2380271,2373757,2369584.2,2361586.2,2397756.2
경북,경주시,계,면적,1324767311,1324890229,1324887910,1324938360,1324842529,1324857727,1324857932,1324890516,1324952303,1324948412
경북,경주시,전,면적,72139512.5,71709029.3,71457258.5,71404685.2,71554598.8,71267393.2,70979132.4,70777465.5,70623292.2,70383837.6
경북,경주시,답,면적,162771536.3,161788724.2,161189699.3,160602050.5,159586101.1,158962855.1,158088709.7,157259555.3,156877228.1,156394546.3
경북,경주시,묘지,면적,6479180,6419529,6402925,6390572,6366510,6463535,6451628.2,6443818.6,6435576.2,6423555.3
경북,김천시,계,면적,1009068603,1009227867,1009243879,1009827381,1009763792,1009801474,1009796913,1009918173,1009922569,1010054406
경북,김천시,전,면적,67806699.8,67311413.8,66840541.3,66717835.8,66201543,66070874.9,65997905.9,65809656.8,65366404.4,65229334.5
경북,김천시,답,면적,117117869.3,116440437.3,115444282.3,114902812.3,113589710.2,113241902.2,112982036.3,112492670.5,111751634.2,111373097.5
경북,김천시,묘지,면적,2642567.7,2658671.7,2657432.7,2665513.7,2672188.1,2667194.5,2676929.5,2665939.5,2652661.5,2646341.5
경북,안동시,계,면적,1521923917,1521938216,1521942895,1521984292,1522102023,1522098729,1522090138,1522125408,1522205702,1522271742
경북,안동시,전,면적,127717739.1,127555275.1,126802233.7,126476379.5,126446732,125928654.6,125715277.5,125178435.1,124786636.6,124465630.5
경북,안동시,답,면적,93409405.2,93080954.2,91966461.3,91401185.3,91115104.1,90314533.3,89768400.8,89142064.2,88681647.9,88228369.8
경북,안동시,묘지,면적,3514330.9,3499777.9,3519258.3,3509271.3,3495577.3,3495966.5,3489122.5,3478453.5,3476800.5,3477098.5
경북,구미시,계,면적,615369019.5,615382167.9,615176508.9,615293655.6,615302284.2,615346702.3,615323345.5,615305568,615384190.7,615479863.2
경북,구미시,전,면적,37218968.1,37078656.2,37014216.9,36574347.9,36571461.7,36403995.2,36202068,36168134.3,35971673.5,35801644.3
경북,구미시,답,면적,92291230.2,91745100.9,91583172.5,91050287.7,90920725.4,90646503.3,90158188,90062273.8,89646989.1,88751317.2
경북,구미시,묘지,면적,1428480,1424840,1417365,1404025.9,1408047.7,1408117.2,1444876.7,1442869.4,1432341.5,1435067.7
경북,영주시,계,면적,669271295.6,669393988.3,669431111.5,669902030.2,670023593.2,670089067.6,670104667.6,670101795.6,670202604.2,670166753.7
경북,영주시,전,면적,70375395.8,70401482.9,70403975.1,70549090.6,71037625.7,71008056,71083159.6,71096894.2,71064863,70724942
경북,영주시,답,면적,72950406.1,72541249,72291953.6,71799360.6,71604825.1,71311309.3,70912802.1,70576161.6,70106227.2,69626939.4
경북,영주시,묘지,면적,1516618.7,1506572.7,1509314.7,1506783.7,1503998.7,1501055.7,1501001.5,1499548.7,1498003.7,1495466.8
경북,영천시,계,면적,919353114.2,919314916,919303470,919217115.4,919209670.8,919205139.4,919192573.3,919189432.4,919230489.8,919226365.6
경북,영천시,전,면적,54864367.4,54635995.4,54015321.2,53919716.6,53945424,53827829.8,53753683.8,53680135.8,53561005.6,53494019.8
경북,영천시,답,면적,93943680.7,93471053.1,92709554.1,92442150,92146615.2,91742915.6,91349177.9,91053374.6,90603440.3,90427651.8
경북,영천시,묘지,면적,4317247,4300196,4279735,4292611,4317737,4315176,4312258,4309417,4311572,4322107.5
경북,상주시,계,면적,1254805813,1254800478,1254799795,1254658272,1254677915,1254640829,1254607575,1254666809,1254683931,1254706154
경북,상주시,전,면적,86007295.3,85904056.3,85772038.6,85791858.3,85684616.1,85413437.9,85158962.8,84943081.5,84949213.7,84707601.5
경북,상주시,답,면적,180615128.4,180188787,179773028.9,179318340.6,178934350,178603186.8,178224728.8,177905221.6,177272548.2,176920808.2
경북,상주시,묘지,면적,5043115,5023919.1,5014316.1,5000232.1,4978965.1,4977355.1,4971293.1,4964816.1,4949151,4934480.7
경북,문경시,계,면적,911625220.8,911707991.7,911609631.8,911833371.5,911858347.7,911902545.4,911937031.2,912011548.4,912020996.2,912054165.8
경북,문경시,전,면적,56841586.5,56778594.5,56656941.5,56607513.3,56664805.7,56493527.1,56449126.2,56263599.5,56082915.2,56080024.8
경북,문경시,답,면적,67221445.6,67086663.6,66473201.8,66179095,66006357.6,65531889,65351867.6,65093769.5,64836928.9,64762525.7
경북,문경시,묘지,면적,1761472,1756911,1755203,1753282,1749793,1747234,1746634.9,1745853.2,1744995.2,1745689.2
경북,경산시,계,면적,411701574.3,411730644.3,411735075.6,411770701.5,411761560.1,411756866.9,411774293.4,411843382.3,411871515.9,411878437.8
경북,경산시,전,면적,29637735.2,29406478.4,29095891.4,28815124.4,28498861.9,28394053.2,28187886.2,27953318.8,27505915.9,27405704.9
경북,경산시,답,면적,56557413,56183568,55874650,55595266.3,55009473.8,54810770.1,54561418.1,53861672.1,53315854.1,53185112.2
경북,경산시,묘지,면적,2300521.6,2286263.6,2279025.6,2271155.6,2254660.6,2279435.6,2277257.6,2268210.6,2238829.6,2226580.6
경북,의성군,계,면적,1174961225,1175134802,1175139720,1175117291,1174691362,1174734216,1174721355,1174710475,1174626314,1174594306
경북,의성군,전,면적,78958578.2,78788157,78538365,78441195.9,78416444.9,78285839.8,77817252.1,77717645.6,77544304.4,77344443.6
경북,의성군,답,면적,135108780,134806642.9,134512622.9,134290917,133989371.6,133865055.5,133007301.7,132753850,132426987,132165743.3
경북,의성군,묘지,면적,3167468,3154884,3142082,3141007,3119045,3120888,3116415,3110780.6,3118536.6,3109135.1
경북,청송군,계,면적,846047736.6,846051426,846059776.1,846059317.2,846102080.5,846120638.8,846169294.2,846182358.9,846070226,846133991.4
경북,청송군,전,면적,55574999,55270558.4,55037296.2,54885758.2,54868228.8,54734224.2,54220183.5,54123420.4,53990626.4,53868735
경북,청송군,답,면적,28803219,28596790,28350906.5,28217731.5,28091864.1,27931594.3,27602923.9,27478324,27371057.5,27273079
경북,청송군,묘지,면적,1744804,1740748,1740748,1739908,1739941,1739814,1735062.7,1733890.7,1726918.9,1725608.9
경북,영양군,계,면적,815247701.9,815248215.8,815634204.9,815643402.7,815753824.4,815749346.4,815770397.1,815770885.3,815844470.1,815865458
경북,영양군,전,면적,54564512,54411546.7,54115531.7,54097649.7,54180402.1,53981743.1,53671196.3,53502406.9,53361178.9,53160906
경북,영양군,답,면적,20655338,20575729,20394218,20343185.8,20310338.8,20234446.8,20048350.3,19983090.3,19960000.3,19938782
경북,영양군,묘지,면적,946403,946093,946093,945311,943324,943210,940422,939336,936996,933226.1
경북,영덕군,계,면적,741097830.4,741109838.9,741139806.9,741228688.8,741207985.3,741220162.6,741252053.8,741258353.5,741265388.9,741281607.8
경북,영덕군,전,면적,33051080.7,33050671,32938711.6,32852669.5,32900170.6,32817822.8,32691831.4,32326760.6,32216980.6,32136594.7
경북,영덕군,답,면적,44841518.6,44601961.2,44553745.1,44501177.5,44432426.5,44326108.1,44213041.4,43851653.2,43694238.7,43602212.2
경북,영덕군,묘지,면적,1798892,1790288,1786971,1783582,1780965,1781510,1781380,1777290,1776036,1774198
경북,청도군,계,면적,693799297.8,693838583.9,693786665.6,693721355.6,693838383.5,693810304.2,693809489.4,693880201,694222849.9,695363048.8
경북,청도군,전,면적,38159016.2,38041562.1,37845805.7,37769634.4,37649000.1,37612451.9,37577121.7,37586540.1,37385075.6,37391335.7
경북,청도군,답,면적,66017609.2,65461913.2,64857880.1,64629991.8,64359521.4,64192464.6,63938517.6,63756031.4,63246971.2,63039120.9
경북,청도군,묘지,면적,3153834,3152183,3142725,3142273.2,3139364.2,3121081.2,3118805.2,3115380,3118561,3113395
경북,고령군,계,면적,384100894.1,384093147.1,384095825.1,384057328.3,384049955,384059801.6,384057138.4,384079788.5,384219972.6,384244160.6
경북,고령군,전,면적,19364845.3,19290347.3,19272075.8,19293599,19257714.7,19233473.8,19121191.9,19084015.9,19072868.3,19067377.1
경북,고령군,답,면적,51966596.7,51721784.8,51543834.7,51372725.9,51185061.1,50862742.7,50568982.3,50468830.5,50360458.4,50203634.3
경북,고령군,묘지,면적,1760553,1758898,1760776,1764262,1745045.9,1743863.9,1741585.9,1739931.9,1746517.9,1750950.9
경북,성주군,계,면적,616130427,616117654.9,616129048.9,616081538,616101498.6,616106444.6,616102100.6,616113980.1,616114971.1,616151986.2
경북,성주군,전,면적,37105862.6,36957175.6,36828498.6,36504136.6,36454546.6,36404573.6,36317432.3,36262145.8,36215269.8,36223963.6
경북,성주군,답,면적,88506241.7,88277437.3,87933595.6,87459188.3,87265273.8,87120340.2,86946362.8,86795980.7,86698267.9,86579659.8
경북,성주군,묘지,면적,3317085,3306502,3287676,3272036,3254645,3266234,3268949,3415077,3414109,3426280.4
경북,칠곡군,계,면적,450953328.8,450925792.8,450933599.3,450929619.9,450929086.1,450937033.5,450936279.8,450983939.9,451044856.5,451047868.9
경북,칠곡군,전,면적,24660101.8,23944821.2,23646939.5,23359113.3,23362314.7,23227015.9,23219511.9,23145347.4,22970699.8,22929425.7
경북,칠곡군,답,면적,48475557.3,47501118.3,46936457.4,46409366.5,46201880.6,45993981,45789952.8,45581194.6,45380226.9,45221980.5
경북,칠곡군,묘지,면적,4497148,4476863,4452153,4440749.9,4432631.9,4418312.9,4481250.3,4498125.3,4451933.3,4449429.3
경북,예천군,계,면적,661217349.6,661379079.2,661384552.2,661417314.2,661455123.2,661483887.3,661500850.7,661516973.2,661561447.8,661580578.9
경북,예천군,전,면적,80444739.8,80253411.7,79729786.5,79620160.2,79971650.2,79537166.3,79375286.8,79287022.6,79139450.7,79051487
경북,예천군,답,면적,110862153.9,110737321.7,109707791.8,109467363.8,109559622.1,109262723.2,109102099,108968190,108858200.5,108806030.3
경북,예천군,묘지,면적,2279895,2268814,2262744,2261533.4,2260434.4,2254387.3,2251275.3,2249252.3,2245718.7,2243842.7
경북,봉화군,계,면적,1201476925,1201955362,1202260495,1201790540,1201964715,1202034345,1202103106,1202161022,1202279612,1202700454
경북,봉화군,전,면적,88732593.7,88699626.3,88702622.3,88192810.7,88327792.9,88320938.2,88327592,88261072.3,88082521.1,88071603.9
경북,봉화군,답,면적,44249969.3,44049990.3,43820602.2,43138878.3,42957352.9,42809529,42586829.3,42421254,42204537.5,42005233.5
경북,봉화군,묘지,면적,1366988,1366388,1364409,1363732,1362903,1353077,1351141,1351141,1351240,1351513
경북,울진군,계,면적,989441397.2,989442066.7,989571056.6,989897714,990016108.8,990043223.7,990169280.1,990193654.9,990520155.4,990632982.9
경북,울진군,전,면적,35429093.3,35338795,35226744.2,34956165.7,34944954.3,34911816.7,34845160,34709166.5,34660076.5,34600081.9
경북,울진군,답,면적,43752569.4,43656275.8,43513926.1,43185306.5,43153042.2,43063775.8,43005305.8,42854717.2,42809255.4,42748105.2
경북,울진군,묘지,면적,787700,788484,784002,783201.4,784997.5,784997.5,784768.5,783852.5,782525.1,782594.1
경북,울릉군,계,면적,72861129,72867349,72874095,72877837,72910070.6,72942202.6,72941532.9,73030554.5,73028990.5,73033525.5
경북,울릉군,전,면적,12477418,12423299,12390277,12373759,12344507.4,12322142.4,12310380.4,12292058.6,12267913.2,12251927.2
경북,울릉군,답,면적,417812,408535,405502,399273,396662,392494,384530,374205,365822,365705
경북,울릉군,묘지,면적,114278,113871,113871,113871,113871,113972,113972,113972,113823,113823
경남,고성군,계,면적,517685136,517710141.9,517937467.7,517929662.7,517932587.4,517957150.6,517946361.3,517965020.2,518000782.2,518022857.7
경남,고성군,전,면적,30259151.3,30187424.9,30051511.7,29962004.6,29908435.3,29846991.6,29747213,29720528.4,29700597,29671283.6
경남,고성군,답,면적,80455381,80143302.1,79906141.1,79660328.1,79342338.5,79092937.8,78850401,78640704.3,78410716.4,78297894.4
경남,고성군,묘지,면적,2115637.5,2118542.3,2120289.3,2125422.3,2137384.6,2145598.4,2156557.6,2155327.6,2114896.9,2118945.9
경남,창원시 의창구,계,면적,211172521.5,211173627.7,211148794.7,211148014.9,211151109.9,210774094.5,210770124.5,204264105.9,204260832.7,204264683.4
경남,창원시 의창구,전,면적,12230325.2,11892439.8,11842188.3,11817903.6,11780394.2,11732040.8,11647429.1,11528026.6,11528006.8,11466302.3
경남,창원시 의창구,답,면적,45831033.6,45020114.2,44885449.2,44642681.8,44306358.3,43941973.8,43596431.9,43074614.9,42958894.8,42690543.3
경남,창원시 의창구,묘지,면적,1254964,1220761,1217239.3,1208778.8,1202583.8,1193656,1188145,1175996,1172940,1169719.1
경남,진주시,계,면적,712957828.3,712960752.8,712957222.5,712944069.7,712858200.5,712860197.6,712833187.4,712903526.3,712923821.7,712939422.2
경남,진주시,전,면적,49712434.1,48934994.7,48687043,48138856.4,48166473.3,48073526.4,48015867.7,47729733.1,47714852.5,47658718.5
경남,진주시,답,면적,90814480.9,88939348.9,88291733.8,87933402.9,87643683.8,87352037.8,87019633.6,86272167.9,86022959.8,85681517.7
경남,진주시,묘지,면적,2990308,2956763,2912479.9,2915363.9,2906577.3,2909972.3,2914471.3,2891759.3,2887716.3,2872526.3
경남,창원시 성산구,계,면적,82198661.6,82198759.8,82224583.1,82225322,82226379.6,82595050.9,82593889.5,89107493.6,89107799.6,89107979.6
경남,창원시 성산구,전,면적,962111,955850,953100,942697.9,933429.9,929431.9,903791.3,991125.3,972924.3,972207.3
경남,창원시 성산구,답,면적,2329022,2226010,2077777,2060696.8,2047707.8,2038084.8,2020399.5,2068521.5,2040927.5,2024080.5
경남,창원시 성산구,묘지,면적,270673.5,270673.5,270463.5,254058.5,246417.5,246417.5,244751.5,247568.5,246484.5,246467.5
경남,통영시,계,면적,239539074,239764382.2,239815884,239859566,239847278.3,239860467.7,239879349,240213795.5,239866052.7,239914756.7
경남,통영시,전,면적,32053989.3,31965590.1,31840585.1,31785229.3,31669826.7,31381635.1,31305680,31258238.1,31203214.6,31170853.1
경남,통영시,답,면적,16295114.6,16167898.4,16033268.5,15953722.5,15804303.1,15672077.7,15578391.8,15497087.2,15401909.6,15322667.6
경남,통영시,묘지,면적,1753759.8,1750890.8,1746372.8,1745435.8,1738668.8,1713697.6,1711129.6,1708742.2,1705905.2,1704591.2
경남,창원시 마산합포구,계,면적,240644899.8,241033632.7,241033527,241036482.1,241042102.7,241157829.3,241174326.3,241174632.6,241197758.9,241198525.3
경남,창원시 마산합포구,전,면적,9769304.8,9743089.9,9729390.3,9716875.1,9728768.2,9684046.7,9689186.5,9601436.8,9415472.8,9404976.2
경남,창원시 마산합포구,답,면적,25547094,25457458.8,25343186.8,25264150.9,25187039.9,25184501.8,25134912.8,24916296.1,24246518.9,24185298.6
경남,창원시 마산합포구,묘지,면적,1094269.3,1089178.8,1092402.8,1092501.4,1093969.4,1096898.4,1095235.4,1094453.4,1090009.4,1090530.4
경남,사천시,계,면적,398604153.8,398624807.1,398642006.5,398649589.6,398672993.9,398675093.4,398698355.2,398708459.5,398785178.7,398823815.1
경남,사천시,전,면적,25354369.2,25045410.2,24940334.5,24777297.1,24704182.1,24646839.4,24577203.8,24494142.4,24451219.2,24349012.1
경남,사천시,답,면적,60815272.8,60458665.8,60254657.6,59549205.6,58916460.7,58727204.8,58542385.7,58328803.4,58174979,58014437.7
경남,사천시,묘지,면적,1721063.5,1721092.8,1713427.8,1705081.9,1688891.5,1687994.5,1708463.2,1704375.9,1701764.6,1701296.2
경남,창원시 마산회원구,계,면적,90581728.4,90583362.2,90584163.8,90583728.9,90584268.3,90585435.3,90583717.1,90583620.9,90578321.2,90612592.1
경남,창원시 마산회원구,전,면적,2069722.1,2060275.2,2063150.2,2062379.1,2068897.1,2059789.1,2054325.2,2055082,2050249.6,2045365.4
경남,창원시 마산회원구,답,면적,5496153.6,5443753.6,5394243.4,5368988.4,5347526.4,5319182.4,5292099.9,5270215,5247941.6,5219266.8
경남,창원시 마산회원구,묘지,면적,259210.7,259062.7,260007.7,260007.7,259902.7,259902.7,259902.7,259958.7,259881.7,259578.3
경남,김해시,계,면적,463360653.5,463355166,463356437.5,463364981.3,463430953.6,463447826.5,463444878.9,463522922.7,463532558.9,463545853.4
경남,김해시,전,면적,18870459.4,18463394.3,18358516.8,18088445.5,17975107,17697728.8,17516569.1,17458105.1,17207157.1,17080620.2
경남,김해시,답,면적,76758194.7,75141004.5,74413938.8,72148057.9,71594376.5,70694214.6,69192669.2,67838115.7,67513810.1,66937097.2
경남,김해시,묘지,면적,2740906,2697650,2690852.9,2671880.9,2662854.5,2644152.1,2628922.3,2623295.2,2612968.3,2594627
경남,창원시 진해구,계,면적,122676740,122681565.1,122682293.2,122825184.7,122916677.4,122920231.3,122941066.8,123900661.6,124041583.5,124043729.7
경남,창원시 진해구,전,면적,4132381.2,4111619.7,3897207.2,3851054.2,3819743.2,3659372.2,3662359.5,3591435.6,3582221,3578378.6
경남,창원시 진해구,답,면적,6655276.8,6616664.4,6355973.6,6206654.3,5808542.3,4967681.3,4848611.1,4791169.5,4751131.1,4716701
경남,창원시 진해구,묘지,면적,434630.5,433861.5,425853.5,425942.5,426414.5,420286.5,419149.4,418370.1,418276.5,418375.5
경남,밀양시,계,면적,798602531.1,798641485.2,798637815.4,798636035,798634877.1,798671223.7,798645309.7,798644668.9,798677477.9,798694985.6
경남,밀양시,전,면적,47753444.7,47644672.7,47386662,47181381.8,47019211.8,46608629.4,46546650.2,46267104.4,46203351.9,46103103.7
경남,밀양시,답,면적,116802099,116345992.7,115579799.9,115191628.8,114806180.9,114151428.4,113778095.6,113581676.5,113351998.4,112720011.7
경남,밀양시,묘지,면적,4324271.2,4308548.2,4298821.2,4297818.2,4295259.2,4275905.1,4277037.2,4272562.2,4275284.2,4274303.2
경남,거제시,계,면적,402160749.8,402304141.9,402642501.7,402745412.7,402986561.7,403228579.5,403816655.4,403835057.2,403861752,403875203.8
경남,거제시,전,면적,24267310.5,24158462.3,24038623.3,23871471,23822848.6,23674954.8,23513862.1,23476234.6,23435153.6,23382448.1
경남,거제시,답,면적,41163319.6,40375404.7,40104923,39828337,39515148.8,39234905.1,38930428.7,38795723.8,38663924.5,38504405.3
경남,거제시,묘지,면적,1236803,1229968,1227737,1224853,1223012,1216979,1217218,1213315,1219808,1218915
경남,양산시,계,면적,485444834.6,485434678.1,485446928.7,485411854.8,485563946.4,485604353.7,485625161,485617218.7,485607665,485703040.8
경남,양산시,전,면적,12333000.9,12283889.7,12145950.3,12013439.9,11858529.1,11739627.8,11669223.9,11588810.1,11556922.6,11394285.6
경남,양산시,답,면적,31418662.5,30966794.8,30145644.9,29177654.2,28721008,28373310.9,28206889.3,28004050.7,27874340.5,27276674.2
경남,양산시,묘지,면적,1987460,1982059,1973462,1960014.4,1967433.4,1963764.4,1961424.4,1957750.4,1952400,1940888
경남,의령군,계,면적,482868981.2,482868832.4,482866209.9,482860620,482892342.7,482910829.9,482903279.8,482921360,482916464.1,482914207.9
경남,의령군,전,면적,34724979.2,34684890.5,34651720,34597451,34559917.1,34529041.6,34517512.1,34504946.1,34491211.8,34475234.6
경남,의령군,답,면적,55313236,55238926.6,55095883.7,54827934.1,54416662.5,54346030.3,54283650.7,54202092.9,54135167.1,53858353.8
경남,의령군,묘지,면적,2421139.3,2421781.3,2421709.3,2416252.3,2414845.3,2416490.3,2412635.3,2412033.7,2413392.7,2410886.2
경남,함안군,계,면적,416639863.9,416601170.9,416598222.3,416597155.2,416606441.7,416602010.8,416603157,416616921.2,416615028.9,416612189.5
경남,함안군,전,면적,39684040.8,38985116.8,38839280.8,38728004.8,38621506.1,38566440.9,38525092.3,37968052.4,37868824.2,37795754.1
경남,함안군,답,면적,77753939,76544449.7,76148063.8,75812834.4,75628605.9,75444821.8,75194010.2,74962161,74605687.3,74462883.7
경남,함안군,묘지,면적,3721644,3647876,3648130,3642366,3640867,3634042,3631160.2,3529113.6,3511726.6,3509651.8
경남,창녕군,계,면적,532873296.4,532872288.8,532857256.8,532860749.3,532840650,532830707.4,532738908.7,532641764.9,532669445.7,532666193
경남,창녕군,전,면적,53659206.5,53510093.5,53380003.5,53243416.6,53190054.3,53115869.8,53052152.5,52988048.7,52850990.9,52760967.4
경남,창녕군,답,면적,91413092.5,90920829,90677736.7,90435973.6,90282770.5,90069972,89935273.1,89608474.7,89472180.2,89336269.1
경남,창녕군,묘지,면적,4504043,4494300,4491712,4483011.3,4481482.3,4462950.4,4457438.4,4446421.4,4441941.5,4431541.4
경남,남해군,계,면적,357524513.7,357525372.8,357567158.4,357554593.3,357534273.5,357545658.9,357544626.2,357551969.9,357753257.4,357780914.1
경남,남해군,전,면적,31168256.6,31082457.6,30950435.7,30873862.8,30879381.6,30754633.6,30654192.4,30590383.4,30530237.8,30427699.7
경남,남해군,답,면적,46960816.8,46779167.4,46515560.9,46381794.5,46139413.5,45844934.7,45402900.6,45263668.3,45174972.9,45100280.5
경남,남해군,묘지,면적,2706358.6,2714824.9,2720506.9,2732100.9,2736266.9,2736260.9,2736716.7,2738787.4,2734969.6,2747004
경남,하동군,계,면적,675520879.7,675583496.3,675618839.4,675622348.9,675614293.4,675236981.9,675248450.3,674910206.5,674865200,675301157.2
경남,하동군,전,면적,28464205.3,28461093.3,28423320.6,28395592.7,28338188.1,28311047.7,28218214.8,28154176.7,28127241.2,28086091.5
경남,하동군,답,면적,82991270.2,82831759.1,82630871.1,82456411.7,82076782,81653140.9,81309329.9,81103226,80950590.8,80791216.3
경남,하동군,묘지,면적,1932583.2,1932130.5,1931738.8,1933325.8,1926800.8,1922489.8,1922018.4,1918553.5,1915172,1918440.9
경남,산청군,계,면적,794828246.6,794831927.7,794823166.2,794811904.3,794551402.8,794604514.9,794635247.5,794702763.5,794704779,794712474.5
경남,산청군,전,면적,26435490.3,26383094.3,26329197.8,26263297.4,26563448.9,26510778.6,26457276,26353446.1,26291705,26279716.1
경남,산청군,답,면적,69817363.7,69553995,69170477.8,68717908.5,68517880.6,68352460.8,68093695.3,67839677,67696380.6,67552254.3
경남,산청군,묘지,면적,1127063,1331555.9,1328014.9,1326921.3,1327305.3,1326861.3,1327368.3,1327030.3,1323795.6,1323009.3
경남,함양군,계,면적,725449828.5,725470868.9,725484452.6,725434402.5,725453333.7,725485213.5,725504537.6,725607365.4,724718251.8,724725420.1
경남,함양군,전,면적,34266956.8,34245383.8,34109341.3,34157433.1,34330063.1,34313750.7,33952251,33936070.9,33892085.2,33872041.5
경남,함양군,답,면적,66001086.1,65577766.4,65294829.5,65011848.4,64635807.6,64292595.1,63954236.1,63732442.9,63602792.5,63430783.1
경남,함양군,묘지,면적,1162843,1164504,1166108,1360864,1361782,1358362,1354346.6,1354827.6,1353550.6,1352246.6
경남,거창군,계,면적,803134391.6,803139982.8,803175455.9,803200595.2,803301603.1,803312949.2,803382847,803423794.3,803971934,803956581.1
경남,거창군,전,면적,40873665.8,40988325.7,40977055.7,40944778.8,40883421.1,40777206.2,40683928.5,40657286.6,40577152.1,40383524.3
경남,거창군,답,면적,78953345.2,78753166.9,78522421.8,78078894.9,77523561.4,77325389.9,77193433.2,76914204.5,76724835.3,76166626.1
경남,거창군,묘지,면적,1517872,1515969,1515113,1511373,1502246,1501916.3,1499925.3,1501223.3,1499631.7,1496476.9
경남,합천군,계,면적,983499296.9,983480718.4,983463996.3,983467567.7,983474296.8,983507159.3,983039733.6,983077684.6,983071564.4,983118399.1
경남,합천군,전,면적,45010920.6,45045028.6,45039903.4,44980869.7,44794151.9,44680968.7,44641214.4,44528328.1,44527868.9,44503314.8
경남,합천군,답,면적,104626267.6,104410078.6,104248830.8,104058863.6,103257354.8,102917658.6,102606735.9,102266954.1,102075344.4,101938213.9
경남,합천군,묘지,면적,2027016,2035377,2034554.1,2038176.1,2035243.9,2035191.9,2034314.5,2033918.5,2035870.5,2031464.8
